﻿<?xml version="1.0" encoding="UTF-8" standalone="no"?>
<module asnv-version="1" entry-point="IVIM" name="IVIM" tags="automatic">
  <sequence name="IVIM">
    <field name="header" type="ITS_Container.ItsPduHeader" />
    <field name="ivi" type="IVI.IviStructure" />
    <attributes>
      <general>
        <attribute name="GenMsgSendType" displayname="Send Type" value="Cyclic" type="enum" />
        <attribute name="GenMsgCycleTime" displayname="Cycle Time"  value="100" type="int32" />
        <attribute name="GenMsgCertificate" displayname="Certificate Name"  value="" type="string" />
        <attribute name="GenMsgCertificateSignerType" value="Certificate" type="enum" />
        <attribute name="GenMsgCertificateSendTimeMS" displayname="Certificate Sendtime [ms]"  value="1000" type="int32" />
        <attribute name="GenMsgCertificateMatching" displayname="Certificate Matching"  value="" type="string" />
        <attribute name="GenMsgCertificateChangeTimeM" displayname="Certificate Change Time [minute]" value="5" type="int32" />
      </general>
      <stack>
        <layer name="geo_bh">
          <attribute name="version" displayname="Version" value="1" type="int32" />
        </layer>
        <layer name="wssv3">
          <attribute name="psid" displayname="PS ID" value="32" type="int32" />
          <attribute name="generationTime" displayname="Generation Time" value="0" type="int64" />
        </layer>
        <layer name="geo_ch">
          <attribute name="nextHeader" displayname="Next Header" value="BTP-B" type="enum" />
          <attribute name="ht" displayname="Header Type" value="GeoBroadcast" type="enum" />
          <attribute name="hst" displayname="Header Subtype" value="0" type="int32" />
        </layer>
        <layer name="geo_eh">
        </layer>
      </stack>
    </attributes>
  </sequence>
  <sequence name="ITS_Container.ItsPduHeader">
    <field name="protocolVersion" type="ITS_Container.ItsPduHeader$protocolVersion" />
    <field name="messageID" type="ITS_Container.ItsPduHeader$messageID" />
    <field name="stationID" type="ITS_Container.StationID" />
  </sequence>
  <integer max="255" min="0" name="ITS_Container.ItsPduHeader$protocolVersion"/>
  <integer max="255" min="0" name="ITS_Container.ItsPduHeader$messageID">
    <value name="denm" value="1" />
    <value name="cam" value="2" />
    <value name="poi" value="3" />
    <value name="spat" value="4" />
    <value name="map" value="5" />
    <value name="ivi" value="6" />
    <value name="ev_rsr" value="7" />
    <value name="tistpgtransaction" value="8" />
    <value name="srem" value="9" />
    <value name="ssem" value="10" />
    <value name="evcsn" value="11" />
    <value name="saem" value="12" />
    <value name="rtcmem" value="13" />
  </integer>
  <integer max="4294967295" min="0" name="ITS_Container.StationID" />
  <sequence name="IVI.IviStructure">
    <field name="mandatory" type="IVI.IVIManagementContainer" />
    <field name="optional" optional="true" type="IVI.IviStructure$optional" />
  </sequence>
  <sequence name="IVI.IVIManagementContainer">
    <field name="serviceProviderId" type="EfcDsrcApplication.Provider" />
    <field name="iviIdentificationNumber" type="IVI.IviIdentificationNumber" />
    <field name="timeStamp" optional="true" type="ITS_Container.TimestampIts" />
    <field name="validFrom" optional="true" type="ITS_Container.TimestampIts" />
    <field name="validTo" optional="true" type="ITS_Container.TimestampIts" />
    <field name="connectedIviStructures" optional="true" type="IVI.IVIManagementContainer$connectedIviStructures" />
    <field name="iviStatus" type="IVI.IviStatus" />
    <extension />
  </sequence>
  <sequence name="EfcDsrcApplication.Provider">
    <field name="countryCode" type="AVIAEINumberingAndDataStructures.CountryCode" />
    <field name="providerIdentifier" type="AVIAEINumberingAndDataStructures.IssuerIdentifier" />
  </sequence>
  <bit-string max="10" min="10" name="AVIAEINumberingAndDataStructures.CountryCode" />
  <integer max="16383" min="0" name="AVIAEINumberingAndDataStructures.IssuerIdentifier" />
  <integer extension="true" max="32767" min="1" name="IVI.IviIdentificationNumber" />
  <integer max="4398046511103" min="0" name="ITS_Container.TimestampIts">
    <value name="utcStartOf2004" value="0" />
    <value name="oneMillisecAfterUTCStartOf2004" value="1" />
  </integer>
  <sequence-of max="8" min="1" name="IVI.IVIManagementContainer$connectedIviStructures">
    <field type="IVI.IviIdentificationNumber" />
  </sequence-of>
  <integer max="7" min="0" name="IVI.IviStatus">
    <value name="new" value="0" />
    <value name="update" value="1" />
    <value name="cancellation" value="2" />
    <value name="negation" value="3" />
  </integer>
  <sequence-of extension="true" max="8" min="1" name="IVI.IviStructure$optional">
    <field type="IVI.IviContainer" />
  </sequence-of>
  <choice name="IVI.IviContainer">
    <field name="glc" type="IVI.GeographicLocationContainer" />
    <field name="giv" type="IVI.GeneralIviContainer" />
    <field name="rcc" type="IVI.RoadConfigurationContainer" />
    <field name="tc" type="IVI.TextContainer" />
    <field name="lac" type="IVI.LayoutContainer" />
    <extension />
  </choice>
  <sequence name="IVI.GeographicLocationContainer">
    <field name="referencePosition" type="ITS_Container.ReferencePosition" />
    <field name="referencePositionTime" optional="true" type="ITS_Container.TimestampIts" />
    <field name="referencePositionHeading" optional="true" type="ITS_Container.Heading" />
    <field name="referencePositionSpeed" optional="true" type="ITS_Container.Speed" />
    <field name="parts" type="IVI.GeographicLocationContainer$parts" />
    <extension />
  </sequence>
  <sequence name="ITS_Container.ReferencePosition">
    <field name="latitude" type="ITS_Container.Latitude" />
    <field name="longitude" type="ITS_Container.Longitude" />
    <field name="positionConfidenceEllipse" type="ITS_Container.PosConfidenceEllipse" />
    <field name="altitude" type="ITS_Container.Altitude" />
  </sequence>
  <integer max="900000001" min="-900000000" name="ITS_Container.Latitude">
    <!-- <value name="oneMicrodegreeNorth" value="10" /> -->
    <!-- <value name="oneMicrodegreeSouth" value="-10" /> -->
    <value name="unavailable" value="900000001" />
    <format factor="0.0000001" unit="°" />
  </integer>
  <integer max="1800000001" min="-1800000000" name="ITS_Container.Longitude">
    <!-- <value name="oneMicrodegreeEast" value="10" /> -->
    <!-- <value name="oneMicrodegreeWest" value="-10" /> -->
    <value name="unavailable" value="1800000001" />
    <format factor="0.0000001" unit="°" />
  </integer>
  <sequence name="ITS_Container.PosConfidenceEllipse">
    <field name="semiMajorConfidence" type="ITS_Container.SemiAxisLength" />
    <field name="semiMinorConfidence" type="ITS_Container.SemiAxisLength" />
    <field name="semiMajorOrientation" type="ITS_Container.HeadingValue" />
  </sequence>
  <integer max="4095" min="0" name="ITS_Container.SemiAxisLength">
    <value name="oneCentimeter" value="1" />
    <value name="outOfRange" value="4094" />
    <value name="unavailable" value="4095" />
  </integer>
  <integer max="3601" min="0" name="ITS_Container.HeadingValue">
    <value name="wgs84North" value="0" />
    <value name="wgs84East" value="900" />
    <value name="wgs84South" value="1800" />
    <value name="wgs84West" value="2700" />
    <value name="unavailable" value="3601" />
  </integer>
  <sequence name="ITS_Container.Altitude">
    <field name="altitudeValue" type="ITS_Container.AltitudeValue" />
    <field name="altitudeConfidence" type="ITS_Container.AltitudeConfidence" />
  </sequence>
  <integer max="800001" min="-100000" name="ITS_Container.AltitudeValue">
    <value name="referenceEllipsoidSurface" value="0" />
    <value name="oneCentimeter" value="1" />
    <value name="unavailable" value="800001" />
  </integer>
  <enumerated name="ITS_Container.AltitudeConfidence">
    <value name="alt_000_01" value="0" />
    <value name="alt_000_02" value="1" />
    <value name="alt_000_05" value="2" />
    <value name="alt_000_10" value="3" />
    <value name="alt_000_20" value="4" />
    <value name="alt_000_50" value="5" />
    <value name="alt_001_00" value="6" />
    <value name="alt_002_00" value="7" />
    <value name="alt_005_00" value="8" />
    <value name="alt_010_00" value="9" />
    <value name="alt_020_00" value="10" />
    <value name="alt_050_00" value="11" />
    <value name="alt_100_00" value="12" />
    <value name="alt_200_00" value="13" />
    <value name="outOfRange" value="14" />
    <value name="unavailable" value="15" />
  </enumerated>
  <sequence name="ITS_Container.Heading">
    <field name="headingValue" type="ITS_Container.HeadingValue" />
    <field name="headingConfidence" type="ITS_Container.HeadingConfidence" />
  </sequence>
  <integer max="127" min="1" name="ITS_Container.HeadingConfidence">
    <value name="equalOrWithinZeroPointOneDegree" value="1" />
    <value name="equalOrWithinOneDegree" value="10" />
    <value name="outOfRange" value="126" />
    <value name="unavailable" value="127" />
  </integer>
  <sequence name="ITS_Container.Speed">
    <field name="speedValue" type="ITS_Container.SpeedValue" />
    <field name="speedConfidence" type="ITS_Container.SpeedConfidence" />
  </sequence>
  <integer max="16383" min="0" name="ITS_Container.SpeedValue">
    <value name="standstill" value="0" />
    <value name="oneCentimeterPerSec" value="1" />
    <value name="unavailable" value="16383" />
  </integer>
  <integer max="127" min="1" name="ITS_Container.SpeedConfidence">
    <value name="equalOrWithinOneCentimeterPerSec" value="1" />
    <value name="equalOrWithinOneMeterPerSec" value="100" />
    <value name="outOfRange" value="126" />
    <value name="unavailable" value="127" />
  </integer>
  <sequence-of extension="true" max="16" min="1" name="IVI.GeographicLocationContainer$parts">
    <field type="IVI.GlcPart" />
  </sequence-of>
  <sequence name="IVI.GlcPart">
    <field name="zoneId" type="IVI.Zid" />
    <field name="laneNumber" optional="true" type="ITS_Container.LanePosition" />
    <field name="zoneExtension" optional="true" type="IVI.GlcPart$zoneExtension" />
    <field name="zoneHeading" optional="true" type="ITS_Container.HeadingValue" />
    <field name="zone" optional="true" type="IVI.Zone" />
    <extension />
  </sequence>
  <integer extension="true" max="32" min="1" name="IVI.Zid" />
  <integer max="14" min="-1" name="ITS_Container.LanePosition">
    <value name="offTheRoad" value="-1" />
    <value name="hardShoulder" value="0" />
    <value name="outermostDrivingLane" value="1" />
    <value name="secondLaneFromOutside" value="2" />
  </integer>
  <integer max="255" min="0" name="IVI.GlcPart$zoneExtension" />
  <choice name="IVI.Zone">
    <field name="segment" type="IVI.Segment" />
    <field name="area" type="IVI.PolygonalLine" />
    <field name="computedSegment" type="IVI.ComputedSegment" />
    <extension />
  </choice>
  <sequence name="IVI.Segment">
    <field name="line" type="IVI.PolygonalLine" />
    <field name="laneWidth" optional="true" type="IVI.IVILaneWidth" />
  </sequence>
  <choice name="IVI.PolygonalLine">
    <field name="deltaPositions" type="IVI.PolygonalLine$deltaPositions" />
    <field name="deltaPositionsWithAltitude" type="IVI.PolygonalLine$deltaPositionsWithAltitude" />
    <field name="absolutePositions" type="IVI.PolygonalLine$absolutePositions" />
    <field name="absolutePositionsWithAltitude" type="IVI.PolygonalLine$absolutePositionsWithAltitude" />
    <extension />
  </choice>
  <sequence-of extension="true" max="32" min="1" name="IVI.PolygonalLine$deltaPositions">
    <field type="IVI.DeltaPosition" />
  </sequence-of>
  <sequence name="IVI.DeltaPosition">
    <field name="deltaLatitude" type="ITS_Container.DeltaLatitude" />
    <field name="deltaLongitude" type="ITS_Container.DeltaLongitude" />
  </sequence>
  <integer max="131072" min="-131071" name="ITS_Container.DeltaLatitude">
    <value name="oneMicrodegreeNorth" value="10" />
    <value name="oneMicrodegreeSouth" value="-10" />
    <value name="unavailable" value="131072" />
  </integer>
  <integer max="131072" min="-131071" name="ITS_Container.DeltaLongitude">
    <value name="oneMicrodegreeEast" value="10" />
    <value name="oneMicrodegreeWest" value="-10" />
    <value name="unavailable" value="131072" />
  </integer>
  <sequence-of extension="true" max="32" min="1" name="IVI.PolygonalLine$deltaPositionsWithAltitude">
    <field type="ITS_Container.DeltaReferencePosition" />
  </sequence-of>
  <sequence name="ITS_Container.DeltaReferencePosition">
    <field name="deltaLatitude" type="ITS_Container.DeltaLatitude" />
    <field name="deltaLongitude" type="ITS_Container.DeltaLongitude" />
    <field name="deltaAltitude" type="ITS_Container.DeltaAltitude" />
  </sequence>
  <integer max="12800" min="-12700" name="ITS_Container.DeltaAltitude">
    <value name="oneCentimeterUp" value="1" />
    <value name="oneCentimeterDown" value="-1" />
    <value name="unavailable" value="12800" />
  </integer>
  <sequence-of extension="true" max="8" min="1" name="IVI.PolygonalLine$absolutePositions">
    <field type="IVI.AbsolutePosition" />
  </sequence-of>
  <sequence name="IVI.AbsolutePosition">
    <field name="latitude" type="ITS_Container.Latitude" />
    <field name="longitude" type="ITS_Container.Longitude" />
  </sequence>
  <sequence-of extension="true" max="8" min="1" name="IVI.PolygonalLine$absolutePositionsWithAltitude">
    <field type="IVI.AbsolutePositionWAltitude" />
  </sequence-of>
  <sequence name="IVI.AbsolutePositionWAltitude">
    <field name="latitude" type="ITS_Container.Latitude" />
    <field name="longitude" type="ITS_Container.Longitude" />
    <field name="altitude" type="ITS_Container.Altitude" />
  </sequence>
  <integer max="1023" min="0" name="IVI.IVILaneWidth" />
  <sequence name="IVI.ComputedSegment">
    <field name="zoneId" type="IVI.Zid" />
    <field name="laneNumber" type="ITS_Container.LanePosition" />
    <field name="laneWidth" type="IVI.IVILaneWidth" />
    <field name="offsetDistance" optional="true" type="IVI.ComputedSegment$offsetDistance" />
    <field name="offsetPosition" optional="true" type="ITS_Container.DeltaReferencePosition" />
  </sequence>
  <integer max="32767" min="-32768" name="IVI.ComputedSegment$offsetDistance" />
  <sequence-of extension="true" max="16" min="1" name="IVI.GeneralIviContainer">
    <field type="IVI.GicPart" />
  </sequence-of>
  <sequence name="IVI.GicPart">
    <field name="detectionZoneIds" optional="true" type="IVI.GicPart$detectionZoneIds" />
    <field name="its_Rrid" optional="true" type="CITSapplMgmtIDs.VarLengthNumber" />
    <field name="relevanceZoneIds" optional="true" type="IVI.GicPart$relevanceZoneIds" />
    <field name="direction" optional="true" type="IVI.Direction" />
    <field name="driverAwarenessZoneIds" optional="true" type="IVI.GicPart$driverAwarenessZoneIds" />
    <field name="minimumAwarenessTime" optional="true" type="IVI.GicPart$minimumAwarenessTime" />
    <field name="applicableLanes" optional="true" type="IVI.GicPart$applicableLanes" />
    <field name="iviType" type="IVI.IviType" />
    <field name="iviPurpose" optional="true" type="IVI.IviPurpose" />
    <field name="laneStatus" optional="true" type="IVI.LaneStatus" />
    <field name="vehicleCharacteristics" optional="true" type="IVI.GicPart$vehicleCharacteristics" />
    <field name="driverCharacteristics" optional="true" type="IVI.DriverCharacteristics" />
    <field name="layoutId" optional="true" type="IVI.GicPart$layoutId" />
    <field name="preStoredlayoutId" optional="true" type="IVI.GicPart$preStoredlayoutId" />
    <field name="roadSignCodes" type="IVI.GicPart$roadSignCodes" />
    <field name="extraText" optional="true" type="IVI.GicPart$extraText" />
    <extension />
  </sequence>
  <sequence-of extension="true" max="8" min="1" name="IVI.GicPart$detectionZoneIds">
    <field type="IVI.Zid" />
  </sequence-of>
  <choice name="CITSapplMgmtIDs.VarLengthNumber">
    <field name="content" tag="0" type="CITSapplMgmtIDs.VarLengthNumber$content" />
    <field name="extension" tag="1" type="CITSapplMgmtIDs.Ext1" />
  </choice>
  <integer max="127" min="0" name="CITSapplMgmtIDs.VarLengthNumber$content" />
  <choice name="CITSapplMgmtIDs.Ext1">
    <field name="content" tag="0" type="CITSapplMgmtIDs.Ext1$content" />
    <field name="extension" tag="1" type="CITSapplMgmtIDs.Ext2" />
  </choice>
  <integer max="16511" min="128" name="CITSapplMgmtIDs.Ext1$content" />
  <choice name="CITSapplMgmtIDs.Ext2">
    <field name="content" tag="0" type="CITSapplMgmtIDs.Ext2$content" />
    <field name="extension" tag="1" type="CITSapplMgmtIDs.Ext3" />
  </choice>
  <integer max="2113663" min="16512" name="CITSapplMgmtIDs.Ext2$content" />
  <integer extension="true" max="270549119" min="2113664" name="CITSapplMgmtIDs.Ext3" />
  <sequence-of extension="true" max="8" min="1" name="IVI.GicPart$relevanceZoneIds">
    <field type="IVI.Zid" />
  </sequence-of>
  <integer max="3" min="0" name="IVI.Direction">
    <value name="sameDirection" value="0" />
    <value name="oppositeDirection" value="1" />
    <value name="bothDirections" value="2" />
    <value name="valueNotUsed" value="3" />
  </integer>
  <sequence-of extension="true" max="8" min="1" name="IVI.GicPart$driverAwarenessZoneIds">
    <field type="IVI.Zid" />
  </sequence-of>
  <integer max="255" min="0" name="IVI.GicPart$minimumAwarenessTime" />
  <sequence-of extension="true" max="8" min="1" name="IVI.GicPart$applicableLanes">
    <field type="ITS_Container.LanePosition" />
  </sequence-of>
  <integer max="7" min="0" name="IVI.IviType">
    <value name="immediateDangerWarningMessages" value="0" />
    <value name="regulatoryMessages" value="1" />
    <value name="trafficRelatedInformationMessages" value="2" />
    <value name="pollutionMessages" value="3" />
    <value name="notTrafficRelatedInformationMessages" value="4" />
  </integer>
  <integer max="3" min="0" name="IVI.IviPurpose">
    <value name="safety" value="0" />
    <value name="environmental" value="1" />
    <value name="trafficOptimisation" value="2" />
  </integer>
  <integer extension="true" max="7" min="0" name="IVI.LaneStatus">
    <value name="open" value="0" />
    <value name="closed" value="1" />
    <value name="mergeR" value="2" />
    <value name="mergeL" value="3" />
    <value name="mergeLR" value="4" />
    <value name="provisionallyOpen" value="5" />
    <value name="diverging" value="6" />
  </integer>
  <sequence-of extension="true" max="8" min="1" name="IVI.GicPart$vehicleCharacteristics">
    <field type="IVI.CompleteVehicleCharacteristics" />
  </sequence-of>
  <sequence name="IVI.CompleteVehicleCharacteristics">
    <field name="tractor" optional="true" type="IVI.TractorCharacteristics" />
    <field name="trailer" optional="true" type="IVI.CompleteVehicleCharacteristics$trailer" />
    <field name="train" optional="true" type="IVI.TractorCharacteristics" />
  </sequence>
  <sequence name="IVI.TractorCharacteristics">
    <field name="equalTo" optional="true" type="IVI.TractorCharacteristics$equalTo" />
    <field name="notEqualTo" optional="true" type="IVI.TractorCharacteristics$notEqualTo" />
    <field name="ranges" optional="true" type="IVI.TractorCharacteristics$ranges" />
  </sequence>
  <sequence-of extension="true" max="4" min="1" name="IVI.TractorCharacteristics$equalTo">
    <field type="IVI.VehicleCharacteristicsFixValues" />
  </sequence-of>
  <choice name="IVI.VehicleCharacteristicsFixValues">
    <field name="simpleVehicleType" type="ITS_Container.StationType" />
    <field name="euVehicleCategoryCode" type="ElectronicRegistrationIdentificationVehicleDataModule.EuVehicleCategoryCode" />
    <field name="iso3833VehicleType" type="ElectronicRegistrationIdentificationVehicleDataModule.Iso3833VehicleType" />
    <field name="euroAndCo2value" type="EfcDsrcApplication.EnvironmentalCharacteristics" />
    <field name="engineCharacteristics" type="EfcDsrcApplication.EngineCharacteristics" />
    <field name="loadType" type="IVI.LoadType" />
    <field name="usage" type="ITS_Container.VehicleRole" />
    <extension />
  </choice>
  <integer max="255" min="0" name="ITS_Container.StationType">
    <value name="unknown" value="0" />
    <value name="pedestrian" value="1" />
    <value name="cyclist" value="2" />
    <value name="moped" value="3" />
    <value name="motorcycle" value="4" />
    <value name="passengerCar" value="5" />
    <value name="bus" value="6" />
    <value name="lightTruck" value="7" />
    <value name="heavyTruck" value="8" />
    <value name="trailer" value="9" />
    <value name="specialVehicles" value="10" />
    <value name="tram" value="11" />
    <value name="roadSideUnit" value="15" />
  </integer>
  <choice name="ElectronicRegistrationIdentificationVehicleDataModule.EuVehicleCategoryCode">
    <field name="euVehicleCategoryL" type="ElectronicRegistrationIdentificationVehicleDataModule.EuVehicleCategoryL" />
    <field name="euVehicleCategoryM" type="ElectronicRegistrationIdentificationVehicleDataModule.EuVehicleCategoryM" />
    <field name="euVehicleCategoryN" type="ElectronicRegistrationIdentificationVehicleDataModule.EuVehicleCategoryN" />
    <field name="euVehicleCategoryO" type="ElectronicRegistrationIdentificationVehicleDataModule.EuVehicleCategoryO" />
    <field name="euVehicleCategoryT" type="ElectronicRegistrationIdentificationVehicleDataModule.EuVehicleCategoryCode$euVehicleCategoryT" />
    <field name="euVehicleCategoryG" type="ElectronicRegistrationIdentificationVehicleDataModule.EuVehicleCategoryCode$euVehicleCategoryG" />
  </choice>
  <enumerated name="ElectronicRegistrationIdentificationVehicleDataModule.EuVehicleCategoryL">
    <value name="l1" value="0" />
    <value name="l2" value="1" />
    <value name="l3" value="2" />
    <value name="l4" value="3" />
    <value name="l5" value="4" />
    <value name="l6" value="5" />
    <value name="l7" value="6" />
  </enumerated>
  <enumerated name="ElectronicRegistrationIdentificationVehicleDataModule.EuVehicleCategoryM">
    <value name="m1" value="0" />
    <value name="m2" value="1" />
    <value name="m3" value="2" />
  </enumerated>
  <enumerated name="ElectronicRegistrationIdentificationVehicleDataModule.EuVehicleCategoryN">
    <value name="n1" value="0" />
    <value name="n2" value="1" />
    <value name="n3" value="2" />
  </enumerated>
  <enumerated name="ElectronicRegistrationIdentificationVehicleDataModule.EuVehicleCategoryO">
    <value name="o1" value="0" />
    <value name="o2" value="1" />
    <value name="o3" value="2" />
    <value name="o4" value="3" />
  </enumerated>
  <null name="ElectronicRegistrationIdentificationVehicleDataModule.EuVehicleCategoryCode$euVehicleCategoryT" />
  <null name="ElectronicRegistrationIdentificationVehicleDataModule.EuVehicleCategoryCode$euVehicleCategoryG" />
  <integer max="255" min="0" name="ElectronicRegistrationIdentificationVehicleDataModule.Iso3833VehicleType">
    <value name="passengerCar" value="0" />
    <value name="saloon" value="1" />
    <value name="convertibleSaloon" value="2" />
    <value name="pullmanSaloon" value="3" />
    <value name="stationWagon" value="4" />
    <value name="truckStationWagon" value="5" />
    <value name="coupe" value="6" />
    <value name="convertible" value="7" />
    <value name="multipurposePassengerCar" value="8" />
    <value name="forwardControlPassengerCar" value="9" />
    <value name="specialPassengerCar" value="10" />
    <value name="bus" value="11" />
    <value name="minibus" value="12" />
    <value name="urbanBus" value="13" />
    <value name="interurbanCoach" value="14" />
    <value name="longDistanceCoach" value="15" />
    <value name="articulatedBus" value="16" />
    <value name="trolleyBus" value="17" />
    <value name="specialBus" value="18" />
    <value name="commercialVehicle" value="19" />
    <value name="specialCommercialVehicle" value="20" />
    <value name="specialVehicle" value="21" />
    <value name="trailingTowingVehicle" value="22" />
    <value name="semiTrailerTowingVehicle" value="23" />
    <value name="trailer" value="24" />
    <value name="busTrailer" value="25" />
    <value name="generalPurposeTrailer" value="26" />
    <value name="caravan" value="27" />
    <value name="specialTrailer" value="28" />
    <value name="semiTrailer" value="29" />
    <value name="busSemiTrailer" value="30" />
    <value name="generalPurposeSemiTrailer" value="31" />
    <value name="specialSemiTrailer" value="32" />
    <value name="roadTrain" value="33" />
    <value name="passengerRoadTrain" value="34" />
    <value name="articulatedRoadTrain" value="35" />
    <value name="doubleRoadTrain" value="36" />
    <value name="compositeRoadTrain" value="37" />
    <value name="specialRoadTrain" value="38" />
    <value name="moped" value="39" />
    <value name="motorCycle" value="40" />
  </integer>
  <sequence name="EfcDsrcApplication.EnvironmentalCharacteristics">
    <field name="euroValue" type="EfcDsrcApplication.EuroValue" />
    <field name="copValue" type="EfcDsrcApplication.CopValue" />
  </sequence>
  <enumerated name="EfcDsrcApplication.EuroValue">
    <value name="noEntry" value="0" />
    <value name="euro_1" value="1" />
    <value name="euro_2" value="2" />
    <value name="euro_3" value="3" />
    <value name="euro_4" value="4" />
    <value name="euro_5" value="5" />
    <value name="euro_6" value="6" />
    <value name="reservedForUse1" value="7" />
    <value name="reservedForUse2" value="8" />
    <value name="reservedForUse3" value="9" />
    <value name="reservedForUse4" value="10" />
    <value name="reservedForUse5" value="11" />
    <value name="reservedForUse6" value="12" />
    <value name="reservedForUse7" value="13" />
    <value name="reservedForUse8" value="14" />
    <value name="eev" value="15" />
  </enumerated>
  <enumerated name="EfcDsrcApplication.CopValue">
    <value name="noEntry" value="0" />
    <value name="co2class1" value="1" />
    <value name="co2class2" value="2" />
    <value name="co2class3" value="3" />
    <value name="co2class4" value="4" />
    <value name="co2class5" value="5" />
    <value name="co2class6" value="6" />
    <value name="co2class7" value="7" />
    <value name="reservedforUse" value="8" />
  </enumerated>
  <integer max="255" min="0" name="EfcDsrcApplication.EngineCharacteristics">
    <value name="noEntry" value="0" />
    <value name="noEngine" value="1" />
    <value name="petrolUnleaded" value="2" />
    <value name="petrolLeaded" value="3" />
    <value name="diesel" value="4" />
    <value name="lPG" value="5" />
    <value name="battery" value="6" />
    <value name="solar" value="7" />
    <value name="hybrid" value="8" />
    <value name="hydrogen" value="9" />
  </integer>
  <sequence name="IVI.LoadType">
    <field name="goodsType" type="IVI.GoodsType" />
    <field name="dangerousGoodsType" type="ITS_Container.DangerousGoodsBasic" />
    <field name="specialTransportType" type="ITS_Container.SpecialTransportType" />
  </sequence>
  <integer extension="true" max="15" min="0" name="IVI.GoodsType">
    <value name="ammunition" value="0" />
    <value name="chemicals" value="1" />
    <value name="empty" value="2" />
    <value name="fuel" value="3" />
    <value name="glass" value="4" />
    <value name="dangerous" value="5" />
    <value name="liquid" value="6" />
    <value name="liveStock" value="7" />
    <value name="dangerousForPeople" value="8" />
    <value name="dangerousForTheEnvironment" value="9" />
    <value name="dangerousForWater" value="10" />
    <value name="perishableProducts" value="11" />
    <value name="pharmaceutical" value="12" />
    <value name="vehicles" value="13" />
  </integer>
  <enumerated name="ITS_Container.DangerousGoodsBasic">
    <value name="explosives1" value="0" />
    <value name="explosives2" value="1" />
    <value name="explosives3" value="2" />
    <value name="explosives4" value="3" />
    <value name="explosives5" value="4" />
    <value name="explosives6" value="5" />
    <value name="flammableGases" value="6" />
    <value name="nonFlammableGases" value="7" />
    <value name="toxicGases" value="8" />
    <value name="flammableLiquids" value="9" />
    <value name="flammableSolids" value="10" />
    <value name="substancesLiableToSpontaneousCombustion" value="11" />
    <value name="substancesEmittingFlammableGasesUponContactWithWater" value="12" />
    <value name="oxidizingSubstances" value="13" />
    <value name="organicPeroxides" value="14" />
    <value name="toxicSubstances" value="15" />
    <value name="infectiousSubstances" value="16" />
    <value name="radioactiveMaterial" value="17" />
    <value name="corrosiveSubstances" value="18" />
    <value name="miscellaneousDangerousSubstances" value="19" />
  </enumerated>
  <bit-string max="4" min="4" name="ITS_Container.SpecialTransportType">
    <value name="heavyLoad" value="0" />
    <value name="excessWidth" value="1" />
    <value name="excessLength" value="2" />
    <value name="excessHeight" value="3" />
  </bit-string>
  <enumerated name="ITS_Container.VehicleRole">
    <value name="default" value="0" />
    <value name="publicTransport" value="1" />
    <value name="specialTransport" value="2" />
    <value name="dangerousGoods" value="3" />
    <value name="roadWork" value="4" />
    <value name="rescue" value="5" />
    <value name="emergency" value="6" />
    <value name="safetyCar" value="7" />
    <value name="agriculture" value="8" />
    <value name="commercial" value="9" />
    <value name="military" value="10" />
    <value name="roadOperator" value="11" />
    <value name="taxi" value="12" />
    <value name="reserved1" value="13" />
    <value name="reserved2" value="14" />
    <value name="reserved3" value="15" />
  </enumerated>
  <sequence-of extension="true" max="4" min="1" name="IVI.TractorCharacteristics$notEqualTo">
    <field type="IVI.VehicleCharacteristicsFixValues" />
  </sequence-of>
  <sequence-of extension="true" max="4" min="1" name="IVI.TractorCharacteristics$ranges">
    <field type="IVI.VehicleCharacteristicsRanges" />
  </sequence-of>
  <sequence name="IVI.VehicleCharacteristicsRanges">
    <field name="comparisonOperator" type="IVI.ComparisonOperator" />
    <field name="limits" type="IVI.VehicleCharacteristicsRanges$limits" />
  </sequence>
  <integer max="3" min="0" name="IVI.ComparisonOperator">
    <value name="greaterThan" value="0" />
    <value name="greaterThanOrEqualTo" value="1" />
    <value name="lessThan" value="2" />
    <value name="lessThanOrEqualTo" value="3" />
  </integer>
  <choice name="IVI.VehicleCharacteristicsRanges$limits">
    <field name="numberOfAxles" type="IVI.VehicleCharacteristicsRanges$limits$numberOfAxles" />
    <field name="vehicleDimensions" type="EfcDsrcApplication.VehicleDimensions" />
    <field name="vehicleWeightLimits" type="EfcDsrcApplication.VehicleWeightLimits" />
    <field name="axleWeightLimits" type="EfcDsrcApplication.AxleWeightLimits" />
    <field name="passengerCapacity" type="EfcDsrcApplication.PassengerCapacity" />
    <field name="exhaustEmissionValues" type="EfcDsrcApplication.ExhaustEmissionValues" />
    <field name="dieselEmissionValues" type="EfcDsrcApplication.DieselEmissionValues" />
    <field name="soundLevel" type="EfcDsrcApplication.SoundLevel" />
    <extension />
  </choice>
  <integer max="7" min="0" name="IVI.VehicleCharacteristicsRanges$limits$numberOfAxles" />
  <sequence name="EfcDsrcApplication.VehicleDimensions">
    <field name="vehicleLengthOverall" type="EfcDsrcApplication.Int1" />
    <field name="vehicleHeigthOverall" type="EfcDsrcApplication.Int1" />
    <field name="vehicleWidthOverall" type="EfcDsrcApplication.Int1" />
  </sequence>
  <integer max="255" min="0" name="EfcDsrcApplication.Int1" />
  <sequence name="EfcDsrcApplication.VehicleWeightLimits">
    <field name="vehicleMaxLadenWeight" type="EfcDsrcApplication.Int2" />
    <field name="vehicleTrainMaximumWeight" type="EfcDsrcApplication.Int2" />
    <field name="vehicleWeightUnladen" type="EfcDsrcApplication.Int2" />
  </sequence>
  <integer max="65535" min="0" name="EfcDsrcApplication.Int2" />
  <sequence name="EfcDsrcApplication.AxleWeightLimits">
    <field name="maxLadenweightOnAxle1" type="EfcDsrcApplication.Int2" />
    <field name="maxLadenweightOnAxle2" type="EfcDsrcApplication.Int2" />
    <field name="maxLadenweightOnAxle3" type="EfcDsrcApplication.Int2" />
    <field name="maxLadenweightOnAxle4" type="EfcDsrcApplication.Int2" />
    <field name="maxLadenweightOnAxle5" type="EfcDsrcApplication.Int2" />
  </sequence>
  <sequence name="EfcDsrcApplication.PassengerCapacity">
    <field name="numberOfSeats" type="EfcDsrcApplication.Int1" />
    <field name="numberOfStandingPlaces" type="EfcDsrcApplication.Int1" />
  </sequence>
  <sequence name="EfcDsrcApplication.ExhaustEmissionValues">
    <field name="unitType" type="EfcDsrcApplication.UnitType" />
    <field name="emissionCO" type="EfcDsrcApplication.ExhaustEmissionValues$emissionCO" />
    <field name="emissionHC" type="EfcDsrcApplication.Int2" />
    <field name="emissionNOX" type="EfcDsrcApplication.Int2" />
    <field name="emissionHCNOX" type="EfcDsrcApplication.Int2" />
  </sequence>
  <enumerated name="EfcDsrcApplication.UnitType">
    <value name="mg_km" value="0" />
    <value name="mg_kWh" value="1" />
  </enumerated>
  <integer max="32767" min="0" name="EfcDsrcApplication.ExhaustEmissionValues$emissionCO" />
  <sequence name="EfcDsrcApplication.DieselEmissionValues">
    <field name="particulate" type="EfcDsrcApplication.DieselEmissionValues$particulate" />
    <field name="absorptionCoeff" type="EfcDsrcApplication.Int2" />
  </sequence>
  <sequence name="EfcDsrcApplication.DieselEmissionValues$particulate">
    <field name="unitType" type="EfcDsrcApplication.UnitType" />
    <field name="value" type="EfcDsrcApplication.DieselEmissionValues$particulate$value" />
  </sequence>
  <integer max="32767" min="0" name="EfcDsrcApplication.DieselEmissionValues$particulate$value" />
  <sequence name="EfcDsrcApplication.SoundLevel">
    <field name="soundstationary" type="EfcDsrcApplication.Int1" />
    <field name="sounddriveby" type="EfcDsrcApplication.Int1" />
  </sequence>
  <sequence-of max="3" min="1" name="IVI.CompleteVehicleCharacteristics$trailer">
    <field type="IVI.TrailerCharacteristics" />
  </sequence-of>
  <sequence name="IVI.TrailerCharacteristics">
    <field name="equalTo" optional="true" type="IVI.TrailerCharacteristics$equalTo" />
    <field name="notEqualTo" optional="true" type="IVI.TrailerCharacteristics$notEqualTo" />
    <field name="ranges" optional="true" type="IVI.TrailerCharacteristics$ranges" />
  </sequence>
  <sequence-of extension="true" max="4" min="1" name="IVI.TrailerCharacteristics$equalTo">
    <field type="IVI.VehicleCharacteristicsFixValues" />
  </sequence-of>
  <sequence-of extension="true" max="4" min="1" name="IVI.TrailerCharacteristics$notEqualTo">
    <field type="IVI.VehicleCharacteristicsFixValues" />
  </sequence-of>
  <sequence-of extension="true" max="4" min="1" name="IVI.TrailerCharacteristics$ranges">
    <field type="IVI.VehicleCharacteristicsRanges" />
  </sequence-of>
  <integer max="3" min="0" name="IVI.DriverCharacteristics">
    <value name="unexperiencedDrivers" value="0" />
    <value name="experiencedDrivers" value="1" />
    <value name="rfu1" value="2" />
    <value name="rfu2" value="3" />
  </integer>
  <integer extension="true" max="4" min="1" name="IVI.GicPart$layoutId" />
  <integer extension="true" max="64" min="1" name="IVI.GicPart$preStoredlayoutId" />
  <sequence-of extension="true" max="4" min="1" name="IVI.GicPart$roadSignCodes">
    <field type="IVI.RSCode" />
  </sequence-of>
  <sequence name="IVI.RSCode">
    <field name="layoutComponentId" optional="true" type="IVI.RSCode$layoutComponentId" />
    <field name="code" type="IVI.RSCode$code" />
  </sequence>
  <integer extension="true" max="4" min="1" name="IVI.RSCode$layoutComponentId" />
  <choice name="IVI.RSCode$code">
    <field name="viennaConvention" type="IVI.VcCode" />
    <field name="iso14823" type="IVI.ISO14823Code" />
    <field name="itisCodes" type="IVI.RSCode$code$itisCodes" />
    <field name="anyCatalogue" type="IVI.AnyCatalogue" />
    <extension />
  </choice>
  <sequence name="IVI.VcCode">
    <field name="roadSignClass" type="IVI.VcClass" />
    <field name="roadSignCode" type="IVI.VcCode$roadSignCode" />
    <field name="vcOption" type="IVI.VcOption" />
    <field name="validity" optional="true" type="IVI.VcCode$validity" />
    <field name="value" optional="true" type="IVI.VcCode$value" />
    <field name="unit" optional="true" type="IVI.RSCUnit" />
  </sequence>
  <integer max="7" min="0" name="IVI.VcClass">
    <value name="classA" value="0" />
    <value name="classB" value="1" />
    <value name="classC" value="2" />
    <value name="classD" value="3" />
    <value name="classE" value="4" />
    <value name="classF" value="5" />
    <value name="classG" value="6" />
    <value name="classH" value="7" />
  </integer>
  <integer max="64" min="1" name="IVI.VcCode$roadSignCode" />
  <integer max="7" min="0" name="IVI.VcOption">
    <value name="none" value="0" />
    <value name="a" value="1" />
    <value name="b" value="2" />
    <value name="c" value="3" />
    <value name="d" value="4" />
    <value name="e" value="5" />
    <value name="f" value="6" />
    <value name="g" value="7" />
  </integer>
  <sequence-of extension="true" max="8" min="1" name="IVI.VcCode$validity">
    <field type="IVI.DTM" />
  </sequence-of>
  <sequence name="IVI.DTM">
    <field name="year" optional="true" type="IVI.DTM$year" />
    <field name="month_day" optional="true" type="IVI.DTM$month_day" />
    <field name="pmd" optional="true" type="IVI.PMD" />
    <field name="hourMinutes" optional="true" type="IVI.DTM$hourMinutes" />
    <field name="dayOfWeek" optional="true" type="IVI.DayOfWeek" />
    <field name="period" optional="true" type="IVI.HoursMinutes" />
  </sequence>
  <sequence name="IVI.DTM$year">
    <field name="syr" type="IVI.DTM$year$syr" />
    <field name="eyr" type="IVI.DTM$year$eyr" />
  </sequence>
  <integer extension="true" max="2127" min="2000" name="IVI.DTM$year$syr" />
  <integer extension="true" max="2127" min="2000" name="IVI.DTM$year$eyr" />
  <sequence name="IVI.DTM$month_day">
    <field name="smd" type="IVI.MonthDay" />
    <field name="emd" type="IVI.MonthDay" />
  </sequence>
  <sequence name="IVI.MonthDay">
    <field name="month" type="IVI.MonthDay$month" />
    <field name="day" type="IVI.MonthDay$day" />
  </sequence>
  <integer max="12" min="1" name="IVI.MonthDay$month" />
  <integer max="31" min="1" name="IVI.MonthDay$day" />
  <bit-string max="4" min="4" name="IVI.PMD">
    <value name="national_holiday" value="0" />
    <value name="even_days" value="1" />
    <value name="odd_days" value="2" />
    <value name="market_day" value="3" />
  </bit-string>
  <sequence name="IVI.DTM$hourMinutes">
    <field name="shm" type="IVI.HoursMinutes" />
    <field name="ehm" type="IVI.HoursMinutes" />
  </sequence>
  <sequence name="IVI.HoursMinutes">
    <field name="hours" type="IVI.HoursMinutes$hours" />
    <field name="mins" type="IVI.HoursMinutes$mins" />
  </sequence>
  <integer max="23" min="0" name="IVI.HoursMinutes$hours" />
  <integer max="59" min="0" name="IVI.HoursMinutes$mins" />
  <bit-string max="8" min="8" name="IVI.DayOfWeek">
    <value name="unused" value="0" />
    <value name="monday" value="1" />
    <value name="tuesday" value="2" />
    <value name="wednesday" value="3" />
    <value name="thursday" value="4" />
    <value name="friday" value="5" />
    <value name="saturday" value="6" />
    <value name="sunday" value="7" />
  </bit-string>
  <integer max="65535" min="0" name="IVI.VcCode$value" />
  <integer max="1" min="0" name="IVI.RSCUnit_0_1">
    <value name="kmperh" value="0" />
    <value name="milesperh" value="1" />
  </integer>
  <integer max="8" min="2" name="IVI.RSCUnit_2_8">
    <value name="kilometer" value="2" />
    <value name="meter" value="3" />
    <value name="decimeter" value="4" />
    <value name="centimeter" value="5" />
    <value name="mile" value="6" />
    <value name="yard" value="7" />
    <value name="foot" value="8" />
  </integer>
  <integer max="9" min="2" name="IVI.RSCUnit_2_9">
    <value name="kilometer" value="2" />
    <value name="meter" value="3" />
    <value name="decimeter" value="4" />
    <value name="centimeter" value="5" />
    <value name="mile" value="6" />
    <value name="yard" value="7" />
    <value name="foot" value="8" />
    <value name="minutesOfTime" value="9" />
  </integer>
  <integer max="12" min="10" name="IVI.RSCUnit_10_12">
    <value name="tonnes" value="10" />
    <value name="hundredkg" value="11" />
    <value name="pound" value="12" />
  </integer>
  <integer max="15" min="0" name="IVI.RSCUnit">
    <value name="kmperh" value="0" />
    <value name="milesperh" value="1" />
    <value name="kilometer" value="2" />
    <value name="meter" value="3" />
    <value name="decimeter" value="4" />
    <value name="centimeter" value="5" />
    <value name="mile" value="6" />
    <value name="yard" value="7" />
    <value name="foot" value="8" />
    <value name="minutesOfTime" value="9" />
    <value name="tonnes" value="10" />
    <value name="hundredkg" value="11" />
    <value name="pound" value="12" />
    <value name="rateOfIncline" value="13" />
  </integer>
  <sequence name="IVI.ISO14823Code">
    <field name="pictogramCode" type="IVI.ISO14823Code$pictogramCode" />
    <field name="attributes" optional="true" type="IVI.ISO14823Attributes" />
  </sequence>
  <sequence name="IVI.ISO14823Code$pictogramCode">
    <field name="countryCode" optional="true" type="IVI.ISO14823Code$pictogramCode$countryCode" />
    <field name="serviceCategoryCode" type="IVI.ISO14823Code$pictogramCode$serviceCategoryCode" />
    <field name="pictogramCategoryCode" type="IVI.ISO14823Code$pictogramCode$pictogramCategoryCode" />
  </sequence>
  <octet-string max="2" min="2" name="IVI.ISO14823Code$pictogramCode$countryCode" />
  <choice name="IVI.ISO14823Code$pictogramCode$serviceCategoryCode">
    <field name="trafficSignPictogram" type="IVI.ISO14823Code$pictogramCode$serviceCategoryCode$trafficSignPictogram" />
    <field name="publicFacilitiesPictogram" type="IVI.ISO14823Code$pictogramCode$serviceCategoryCode$publicFacilitiesPictogram" />
    <field name="ambientOrRoadConditionPictogram" type="IVI.ISO14823Code$pictogramCode$serviceCategoryCode$ambientOrRoadConditionPictogram" />
    <extension />
  </choice>
  <enumerated name="IVI.ISO14823Code$pictogramCode$serviceCategoryCode$trafficSignPictogram">
    <value name="dangerWarning" value="0" />
    <value name="regulatory" value="1" />
    <value name="informative" value="2" />
    <extension />
  </enumerated>
  <enumerated name="IVI.ISO14823Code$pictogramCode$serviceCategoryCode$publicFacilitiesPictogram">
    <value name="publicFacilities" value="0" />
    <extension />
  </enumerated>
  <enumerated name="IVI.ISO14823Code$pictogramCode$serviceCategoryCode$ambientOrRoadConditionPictogram">
    <value name="ambientCondition" value="0" />
    <value name="roadCondition" value="1" />
    <extension />
  </enumerated>
  <sequence name="IVI.ISO14823Code$pictogramCode$pictogramCategoryCode">
    <field name="nature" type="IVI.ISO14823Code$pictogramCode$pictogramCategoryCode$nature" />
    <field name="serialNumber" type="IVI.ISO14823Code$pictogramCode$pictogramCategoryCode$serialNumber" />
  </sequence>
  <integer max="9" min="1" name="IVI.ISO14823Code$pictogramCode$pictogramCategoryCode$nature" />
  <integer max="99" min="0" name="IVI.ISO14823Code$pictogramCode$pictogramCategoryCode$serialNumber" />
  <sequence-of extension="true" max="8" min="1" name="IVI.ISO14823Attributes">
    <field type="IVI.ISO14823Attributes$" />
  </sequence-of>
  <choice name="IVI.ISO14823Attributes$">
    <field name="dtm" type="IVI.DTM" />
    <field name="edt" type="IVI.DTM" />
    <field name="dfl" type="IVI.DFL" />
    <field name="ved" type="IVI.VED" />
    <field name="spe" type="IVI.SPE" />
    <field name="roi" type="IVI.ROI" />
    <field name="dbv" type="IVI.Distance" />
    <field name="ddd" type="IVI.DDD" />
  </choice>
  <integer max="8" min="1" name="IVI.DFL">
    <value name="sDL" value="1" />
    <value name="sLT" value="2" />
    <value name="sRT" value="3" />
    <value name="lTO" value="4" />
    <value name="rTO" value="5" />
    <value name="cLL" value="6" />
    <value name="cRI" value="7" />
    <value name="oVL" value="8" />
  </integer>
  <sequence name="IVI.VED">
    <field name="hei" optional="true" type="IVI.Distance" />
    <field name="wid" optional="true" type="IVI.Distance" />
    <field name="vln" optional="true" type="IVI.Distance" />
    <field name="wei" optional="true" type="IVI.Weight" />
  </sequence>
  <sequence name="IVI.Distance">
    <field name="value" type="IVI.Distance$value" />
    <field name="unit" type="IVI.RSCUnit_2_8" />
  </sequence>
  <integer max="16384" min="1" name="IVI.Distance$value" />
  <sequence name="IVI.Weight">
    <field name="value" type="IVI.Weight$value" />
    <field name="unit" type="IVI.RSCUnit_10_12" />
  </sequence>
  <integer max="16384" min="1" name="IVI.Weight$value" />
  <sequence name="IVI.SPE">
    <field name="spm" optional="true" type="IVI.SPE$spm" />
    <field name="mns" optional="true" type="IVI.SPE$mns" />
    <field name="unit" type="IVI.RSCUnit_0_1" />
  </sequence>
  <integer max="250" min="0" name="IVI.SPE$spm" />
  <integer max="250" min="0" name="IVI.SPE$mns" />
  <integer max="1" min="0" name="IVI.SPE$unit">
    <value name="kmperh" value="0" />
    <value name="milesperh" value="1" />
  </integer>
  <integer max="32" min="1" name="IVI.ROI" />
  <sequence name="IVI.DDD">
    <field name="dcj" optional="true" type="IVI.DDD$dcj" />
    <field name="dcr" optional="true" type="IVI.DDD$dcr" />
    <field name="tpl" optional="true" type="IVI.DDD$tpl" />
    <field name="ioList" type="IVI.DDD$ioList" />
  </sequence>
  <integer max="128" min="1" name="IVI.DDD$dcj" />
  <integer max="128" min="1" name="IVI.DDD$dcr" />
  <integer max="128" min="1" name="IVI.DDD$tpl" />
  <sequence-of extension="true" max="8" min="1" name="IVI.DDD$ioList">
    <field type="IVI.DDD_IO" />
  </sequence-of>
  <sequence name="IVI.DDD_IO">
    <field name="drn" type="IVI.DDD_IO$drn" />
    <field name="dp" optional="true" type="IVI.DDD_IO$dp" />
    <field name="dr" optional="true" type="IVI.DDD_IO$dr" />
    <field name="rne" optional="true" type="IVI.DDD_IO$rne" />
    <field name="stnId" optional="true" type="IVI.DDD_IO$stnId" />
    <field name="stnText" optional="true" type="IVI.DDD_IO$stnText" />
    <field name="dcp" optional="true" type="IVI.DistanceOrDuration" />
    <field name="ddp" optional="true" type="IVI.DistanceOrDuration" />
  </sequence>
  <integer max="7" min="0" name="IVI.DDD_IO$drn" />
  <sequence-of extension="true" max="4" min="1" name="IVI.DDD_IO$dp">
    <field type="IVI.DestinationPlace" />
  </sequence-of>
  <sequence name="IVI.DestinationPlace">
    <field name="depType" type="IVI.DDD_DEP" />
    <field name="depRSCode" optional="true" type="IVI.ISO14823Code" />
    <field name="depBlob" optional="true" type="IVI.DestinationPlace$depBlob" />
    <field name="plnId" optional="true" type="IVI.DestinationPlace$plnId" />
    <field name="plnText" optional="true" type="IVI.DestinationPlace$plnText" />
  </sequence>
  <integer extension="true" max="15" min="0" name="IVI.DDD_DEP">
    <value name="none" value="0" />
    <value name="importantArea" value="1" />
    <value name="principalArea" value="2" />
    <value name="generalArea" value="3" />
    <value name="wellKnownPoint" value="4" />
    <value name="country" value="5" />
    <value name="city" value="6" />
    <value name="street" value="7" />
    <value name="industrialArea" value="8" />
    <value name="historicArea" value="9" />
    <value name="touristicArea" value="10" />
    <value name="culturalArea" value="11" />
    <value name="touristicRoute" value="12" />
    <value name="recommendedRoute" value="13" />
    <value name="touristicAttraction" value="14" />
    <value name="geographicArea" value="15" />
  </integer>
  <octet-string name="IVI.DestinationPlace$depBlob" />
  <integer max="999" min="1" name="IVI.DestinationPlace$plnId" />
  <utf8-string name="IVI.DestinationPlace$plnText" />
  <sequence-of extension="true" max="4" min="1" name="IVI.DDD_IO$dr">
    <field type="IVI.DestinationRoad" />
  </sequence-of>
  <sequence name="IVI.DestinationRoad">
    <field name="derType" type="IVI.DDD_DER" />
    <field name="ronId" optional="true" type="IVI.DestinationRoad$ronId" />
    <field name="ronText" optional="true" type="IVI.DestinationRoad$ronText" />
  </sequence>
  <integer extension="true" max="15" min="0" name="IVI.DDD_DER">
    <value name="none" value="0" />
    <value name="nationalHighway" value="1" />
    <value name="localHighway" value="2" />
    <value name="tollExpresswayMotorway" value="3" />
    <value name="internationalHighway" value="4" />
    <value name="highway" value="5" />
    <value name="expressway" value="6" />
    <value name="nationalRoad" value="7" />
    <value name="regionalProvincialRoad" value="8" />
    <value name="localRoad" value="9" />
    <value name="motorwayJunction" value="10" />
    <value name="diversion" value="11" />
    <value name="rfu1" value="12" />
    <value name="rfu2" value="13" />
    <value name="rfu3" value="14" />
    <value name="rfu4" value="15" />
  </integer>
  <integer max="999" min="1" name="IVI.DestinationRoad$ronId" />
  <utf8-string name="IVI.DestinationRoad$ronText" />
  <integer max="999" min="1" name="IVI.DDD_IO$rne" />
  <integer max="999" min="1" name="IVI.DDD_IO$stnId" />
  <utf8-string name="IVI.DDD_IO$stnText" />
  <sequence name="IVI.DistanceOrDuration">
    <field name="value" type="IVI.DistanceOrDuration$value" />
    <field name="unit" type="IVI.RSCUnit_2_9" />
  </sequence>
  <integer max="16384" min="1" name="IVI.DistanceOrDuration$value" />
  <integer max="65535" min="0" name="IVI.RSCode$code$itisCodes" />
  <sequence name="IVI.AnyCatalogue">
    <field name="owner" type="EfcDsrcApplication.Provider" />
    <field name="version" type="IVI.AnyCatalogue$version" />
    <field name="pictogramCode" type="IVI.AnyCatalogue$pictogramCode" />
    <field name="value" optional="true" type="IVI.AnyCatalogue$value" />
    <field name="unit" optional="true" type="IVI.RSCUnit" />
    <field name="attributes" optional="true" type="IVI.ISO14823Attributes" />
  </sequence>
  <integer max="255" min="0" name="IVI.AnyCatalogue$version" />
  <integer max="65535" min="0" name="IVI.AnyCatalogue$pictogramCode" />
  <integer max="65535" min="0" name="IVI.AnyCatalogue$value" />
  <sequence-of extension="true" max="4" min="1" name="IVI.GicPart$extraText">
    <field type="IVI.Text" />
  </sequence-of>
  <sequence name="IVI.Text">
    <field name="layoutComponentId" optional="true" type="IVI.Text$layoutComponentId" />
    <field name="language" type="IVI.Text$language" />
    <field name="textContent" type="IVI.Text$textContent" />
  </sequence>
  <integer extension="true" max="4" min="1" name="IVI.Text$layoutComponentId" />
  <bit-string max="10" min="10" name="IVI.Text$language" />
  <utf8-string name="IVI.Text$textContent" />
  <sequence-of extension="true" max="16" min="1" name="IVI.RoadConfigurationContainer">
    <field type="IVI.RccPart" />
  </sequence-of>
  <sequence name="IVI.RccPart">
    <field name="zoneIds" type="IVI.RccPart$zoneIds" />
    <field name="roadType" type="ITS_Container.RoadType" />
    <field name="laneConfiguration" type="IVI.RccPart$laneConfiguration" />
    <extension />
  </sequence>
  <sequence-of extension="true" max="8" min="1" name="IVI.RccPart$zoneIds">
    <field type="IVI.Zid" />
  </sequence-of>
  <enumerated name="ITS_Container.RoadType">
    <value name="urban_NoStructuralSeparationToOppositeLanes" value="0" />
    <value name="urban_WithStructuralSeparationToOppositeLanes" value="1" />
    <value name="nonUrban_NoStructuralSeparationToOppositeLanes" value="2" />
    <value name="nonUrban_WithStructuralSeparationToOppositeLanes" value="3" />
  </enumerated>
  <sequence-of extension="true" max="16" min="1" name="IVI.RccPart$laneConfiguration">
    <field type="IVI.LaneInformation" />
  </sequence-of>
  <sequence name="IVI.LaneInformation">
    <field name="laneNumber" type="ITS_Container.LanePosition" />
    <field name="direction" type="IVI.Direction" />
    <field name="validity" optional="true" type="IVI.DTM" />
    <field name="laneType" type="IVI.LaneType" />
    <field name="laneTypeQualifier" optional="true" type="IVI.CompleteVehicleCharacteristics" />
    <field name="laneStatus" type="IVI.LaneStatus" />
    <field name="laneWidth" optional="true" type="IVI.IVILaneWidth" />
    <extension />
  </sequence>
  <integer max="31" min="0" name="IVI.LaneType">
    <value name="traffic" value="0" />
    <value name="through" value="1" />
    <value name="reversible" value="2" />
    <value name="acceleration" value="3" />
    <value name="deceleration" value="4" />
    <value name="leftHandTurning" value="5" />
    <value name="rightHandTurning" value="6" />
    <value name="dedicatedVehicle" value="7" />
    <value name="bus" value="8" />
    <value name="taxi" value="9" />
    <value name="hov" value="10" />
    <value name="hot" value="11" />
    <value name="pedestrian" value="12" />
    <value name="bikeLane" value="13" />
    <value name="median" value="14" />
    <value name="striping" value="15" />
    <value name="trackedVehicle" value="16" />
    <value name="parking" value="17" />
    <value name="emergency" value="18" />
    <value name="verge" value="19" />
  </integer>
  <sequence-of extension="true" max="16" min="1" name="IVI.TextContainer">
    <field type="IVI.TcPart" />
  </sequence-of>
  <sequence name="IVI.TcPart">
    <field name="detectionZoneIds" optional="true" type="IVI.TcPart$detectionZoneIds" />
    <field name="relevanceZoneIds" type="IVI.TcPart$relevanceZoneIds" />
    <field name="direction" optional="true" type="IVI.Direction" />
    <field name="driverAwarenessZoneIds" optional="true" type="IVI.TcPart$driverAwarenessZoneIds" />
    <field name="minimumAwarenessTime" optional="true" type="IVI.TcPart$minimumAwarenessTime" />
    <field name="applicableLanes" optional="true" type="IVI.TcPart$applicableLanes" />
    <field name="layoutId" optional="true" type="IVI.TcPart$layoutId" />
    <field name="preStoredlayoutId" optional="true" type="IVI.TcPart$preStoredlayoutId" />
    <field name="text" optional="true" type="IVI.TcPart$text" />
    <field name="data" type="IVI.TcPart$data" />
    <extension />
  </sequence>
  <sequence-of extension="true" max="8" min="1" name="IVI.TcPart$detectionZoneIds">
    <field type="IVI.Zid" />
  </sequence-of>
  <sequence-of extension="true" max="8" min="1" name="IVI.TcPart$relevanceZoneIds">
    <field type="IVI.Zid" />
  </sequence-of>
  <sequence-of extension="true" max="8" min="1" name="IVI.TcPart$driverAwarenessZoneIds">
    <field type="IVI.Zid" />
  </sequence-of>
  <integer max="255" min="0" name="IVI.TcPart$minimumAwarenessTime" />
  <sequence-of extension="true" max="8" min="1" name="IVI.TcPart$applicableLanes">
    <field type="ITS_Container.LanePosition" />
  </sequence-of>
  <integer extension="true" max="4" min="1" name="IVI.TcPart$layoutId" />
  <integer extension="true" max="64" min="1" name="IVI.TcPart$preStoredlayoutId" />
  <sequence-of extension="true" max="4" min="1" name="IVI.TcPart$text">
    <field type="IVI.Text" />
  </sequence-of>
  <octet-string name="IVI.TcPart$data" />
  <sequence name="IVI.LayoutContainer">
    <field name="layoutId" type="IVI.LayoutContainer$layoutId" />
    <field name="height" optional="true" type="IVI.LayoutContainer$height" />
    <field name="width" optional="true" type="IVI.LayoutContainer$width" />
    <field name="layoutComponents" type="IVI.LayoutContainer$layoutComponents" />
    <extension />
  </sequence>
  <integer extension="true" max="4" min="1" name="IVI.LayoutContainer$layoutId" />
  <integer max="73" min="10" name="IVI.LayoutContainer$height" />
  <integer max="265" min="10" name="IVI.LayoutContainer$width" />
  <sequence-of extension="true" max="4" min="1" name="IVI.LayoutContainer$layoutComponents">
    <field type="IVI.LayoutComponent" />
  </sequence-of>
  <sequence name="IVI.LayoutComponent">
    <field name="layoutComponentId" type="IVI.LayoutComponent$layoutComponentId" />
    <field name="height" type="IVI.LayoutComponent$height" />
    <field name="width" type="IVI.LayoutComponent$width" />
    <field name="x" type="IVI.LayoutComponent$x" />
    <field name="y" type="IVI.LayoutComponent$y" />
    <field name="textScripting" type="IVI.LayoutComponent$textScripting" />
  </sequence>
  <integer extension="true" max="8" min="1" name="IVI.LayoutComponent$layoutComponentId" />
  <integer max="73" min="10" name="IVI.LayoutComponent$height" />
  <integer max="265" min="10" name="IVI.LayoutComponent$width" />
  <integer max="265" min="10" name="IVI.LayoutComponent$x" />
  <integer max="73" min="10" name="IVI.LayoutComponent$y" />
  <integer max="1" min="0" name="IVI.LayoutComponent$textScripting">
    <value name="horizontal" value="0" />
    <value name="vertical" value="1" />
  </integer>
</module>