﻿<?xml version="1.0" encoding="UTF-8" standalone="no"?>
<asnv>
  <protocol name="CAM">
    <encoding entry-point="CAM" method="per" />
    <lower-layer name="btp" value1="-1" value2="2001" />
    <source path="ASNV_Module_CAM.xml" />
  </protocol>
  <protocol name="DENM">
    <encoding entry-point="DENM" method="per" />
    <lower-layer name="btp" value1="-1" value2="2002" />
    <source path="ASNV_Module_DENM.xml" />
  </protocol>
  <protocol name="MAP">
    <encoding entry-point="MAP" method="per" />
    <lower-layer name="btp" value1="-1" value2="2003" />
    <source path="ASNV_Module_MAP.xml" />
  </protocol>
  <protocol name="SPAT">
    <encoding entry-point="SPAT" method="per" />
    <lower-layer name="btp" value1="-1" value2="2004" />
    <source path="ASNV_Module_SPAT.xml" />
  </protocol>
  <protocol name="IVIM">
    <encoding entry-point="IVIM" method="per" />
    <lower-layer name="btp" value1="-1" value2="2006" />
    <source path="ASNV_Module_IVIM.xml" />
  </protocol>
  <network>
    <comment><![CDATA[Used application message standard in this database:
             CAM: ETSI EN 302 637-2 V1.4.0 2018-08
             DENM: ETSI EN 302 637-3 V1.3.0 2018-08
             MAP: CEN/ISO. Standardization in progress
             SPaT: CEN/ISO. Standardization in progress
             IVIM: CEN/ISO. Standardization in progress]]></comment>
  </network>
  <nodes>
    <node name="oneWayRSU" key="02:00:00:00:00:04">
      <attributes>
        <nodeAttributes>
          <attribute name="NodeAttrUseBasicStackValues" displayname="Stack Values" value="On" type="enum" />
          <attribute name="NodeAttrUseBasicStackTiming" displayname="Stack Timing" value="Off" type="enum" />
          <attribute name="NodeAttrStartNodeOn" displayname="Start Node On" value="Measurement Start" type="enum" />
          <attribute name="NodeAttrStationID" displayname="Station ID" value="4" type="int64" />
          <attribute name="NodeAttrVehicleLength" displayname="Vehicle Length [dm]" value="40" type="int32" />
          <attribute name="NodeAttrVehicleWidth" displayname="Vehicle Width [dm]" value="20" type="int32" />
          <attribute name="lpvGNAddrStationType" displayname="Station Type" value="Road Side Unit" type="enum" />
        </nodeAttributes>
      </attributes>
      <txmessages>
        <message name="CAM">
          <attributes>
            <general>
              <attribute name="GenMsgSendType" displayname="Send Type" value="Cyclic" type="enum" />
              <attribute name="GenMsgCycleTime" displayname="Cycle Time" value="100" type="int32" />
              <attribute name="GenMsgCertificate" displayname="Certificate Name" value="" type="string" />
              <attribute name="GenMsgCertificateSignerType" displayname="Certificate Signer Type" value="Certificate" type="enum" />
              <attribute name="GenMsgCertificateSendTimeMS" displayname="Certificate Sendtime [ms]" value="1000" type="int32" />
              <attribute name="GenMsgCertificateMatching" displayname="Certificate Matching" value="" type="string" />
              <attribute name="GenMsgCertificateChangeTimeM" displayname="Certificate Change Time [minute]" value="5" type="int32" />
            </general>
            <stack>
              <layer name="wssv3">
                <attribute name="psid" displayname="PS ID" value="32" type="int32" />
                <attribute name="generationTime" displayname="Generation Time" value="0" type="int64" />
              </layer>
              <layer name="geo_bh">
                <attribute name="version" displayname="Version" value="1" type="int32" />
              </layer>
              <layer name="geo_sh_121">
                <attribute name="itsAid" displayname="ITS AID" value="36" type="int32" />
                <attribute name="generationTime" displayname="Generation Time" value="0" type="int64" />
              </layer>
              <layer name="geo_ch">
                <attribute name="nextHeader" displayname="Next Header" value="BTP-B" type="enum" />
                <attribute name="ht" displayname="Header Type" value="Topologically-scoped Broadcast" type="enum" />
                <attribute name="hst" displayname="Header Sup-Type" value="0" type="int32" />
              </layer>
              <layer name="geo_eh" />
            </stack>
          </attributes>
        </message>
      </txmessages>
    </node>
    <node name="wrongTurnRSU" key="02:00:00:00:00:05">
      <attributes>
        <nodeAttributes>
          <attribute name="NodeAttrUseBasicStackValues" displayname="Stack Values" value="On" type="enum" />
          <attribute name="NodeAttrUseBasicStackTiming" displayname="Stack Timing" value="Off" type="enum" />
          <attribute name="NodeAttrStartNodeOn" displayname="Start Node On" value="Measurement Start" type="enum" />
          <attribute name="NodeAttrStationID" displayname="Station ID" value="5" type="int64" />
          <attribute name="NodeAttrVehicleLength" displayname="Vehicle Length [dm]" value="40" type="int32" />
          <attribute name="NodeAttrVehicleWidth" displayname="Vehicle Width [dm]" value="20" type="int32" />
          <attribute name="lpvGNAddrStationType" displayname="Station Type" value="Road Side Unit" type="enum" />
        </nodeAttributes>
      </attributes>
      <txmessages>
        <message name="CAM">
          <attributes>
            <general>
              <attribute name="GenMsgSendType" displayname="Send Type" value="Cyclic" type="enum" />
              <attribute name="GenMsgCycleTime" displayname="Cycle Time" value="100" type="int32" />
              <attribute name="GenMsgCertificate" displayname="Certificate Name" value="" type="string" />
              <attribute name="GenMsgCertificateSignerType" displayname="GenMsgCertificateSignerType" value="Certificate" type="enum" />
              <attribute name="GenMsgCertificateSendTimeMS" displayname="Certificate Sendtime [ms]" value="1000" type="int32" />
              <attribute name="GenMsgCertificateMatching" displayname="Certificate Matching" value="" type="string" />
              <attribute name="GenMsgCertificateChangeTimeM" displayname="Certificate Change Time [minute]" value="5" type="int32" />
            </general>
            <stack>
              <layer name="wssv3">
                <attribute name="psid" displayname="PS ID" value="32" type="int32" />
                <attribute name="generationTime" displayname="Generation Time" value="0" type="int64" />
              </layer>
              <layer name="geo_bh">
                <attribute name="version" displayname="Version" value="1" type="int32" />
              </layer>
              <layer name="geo_sh_121">
                <attribute name="itsAid" displayname="ITS AID" value="36" type="int32" />
                <attribute name="generationTime" displayname="Generation Time" value="0" type="int64" />
              </layer>
              <layer name="geo_ch">
                <attribute name="nextHeader" displayname="Next Header" value="BTP-B" type="enum" />
                <attribute name="ht" displayname="Header Type" value="Topologically-scoped Broadcast" type="enum" />
                <attribute name="hst" displayname="Header Subtype" value="0" type="int32" />
              </layer>
              <layer name="geo_eh" />
            </stack>
          </attributes>
        </message>
      </txmessages>
    </node>
    <node name="Car1" key="02:00:00:00:00:01">
      <attributes>
        <nodeAttributes>
          <attribute name="NodeAttrUseBasicStackValues" displayname="Stack Values" value="On" type="enum" />
          <attribute name="NodeAttrUseBasicStackTiming" displayname="Stack Timing" value="Off" type="enum" />
          <attribute name="NodeAttrStartNodeOn" displayname="Start Node On" value="Measurement Start" type="enum" />
          <attribute name="NodeAttrStationID" displayname="Station ID" value="1" type="int64" />
          <attribute name="NodeAttrVehicleLength" displayname="Vehicle Length [dm]" value="40" type="int32" />
          <attribute name="NodeAttrVehicleWidth" displayname="Vehicle Width [dm]" value="20" type="int32" />
          <attribute name="lpvGNAddrStationType" displayname="Station Type" value="Passenger Car" type="enum" />
        </nodeAttributes>
      </attributes>
      <txmessages>
        <message name="CAM">
          <attributes>
            <general>
              <attribute name="GenMsgSendType" displayname="Send Type" value="Cyclic" type="enum" />
              <attribute name="GenMsgCycleTime" displayname="Cycle Time" value="100" type="int32" />
              <attribute name="GenMsgCertificate" displayname="Certificate Name" value="" type="string" />
              <attribute name="GenMsgCertificateSignerType" displayname="GenMsgCertificateSignerType" value="Certificate" type="enum" />
              <attribute name="GenMsgCertificateSendTimeMS" displayname="Certificate Sendtime [ms]" value="1000" type="int32" />
              <attribute name="GenMsgCertificateMatching" displayname="Certificate Matching" value="" type="string" />
              <attribute name="GenMsgCertificateChangeTimeM" displayname="Certificate Change Time [minute]" value="5" type="int32" />
            </general>
            <stack>
              <layer name="wssv3">
                <attribute name="psid" displayname="PS ID" value="32" type="int32" />
                <attribute name="generationTime" displayname="Generation Time" value="0" type="int64" />
              </layer>
              <layer name="geo_bh">
                <attribute name="version" displayname="Version" value="1" type="int32" />
              </layer>
              <layer name="geo_sh_121">
                <attribute name="itsAid" displayname="ITS AID" value="36" type="int32" />
                <attribute name="generationTime" displayname="Generation Time" value="0" type="int64" />
              </layer>
              <layer name="geo_ch">
                <attribute name="nextHeader" displayname="Next Header" value="BTP-B" type="enum" />
                <attribute name="ht" displayname="Header Type" value="Topologically-scoped Broadcast" type="enum" />
                <attribute name="hst" displayname="Header Subtype" value="0" type="int32" />
              </layer>
              <layer name="geo_eh" />
            </stack>
          </attributes>
        </message>
      </txmessages>
    </node>
    <node name="Car2" key="02:00:00:00:00:02">
      <attributes>
        <nodeAttributes>
          <attribute name="NodeAttrUseBasicStackValues" displayname="Stack Values" value="On" type="enum" />
          <attribute name="NodeAttrUseBasicStackTiming" displayname="Stack Timing" value="Off" type="enum" />
          <attribute name="NodeAttrStartNodeOn" displayname="Start Node On" value="Measurement Start" type="enum" />
          <attribute name="NodeAttrStationID" displayname="Station ID" value="2" type="int64" />
          <attribute name="NodeAttrVehicleLength" displayname="Vehicle Length [dm]" value="40" type="int32" />
          <attribute name="NodeAttrVehicleWidth" displayname="Vehicle Width [dm]" value="20" type="int32" />
          <attribute name="lpvGNAddrStationType" displayname="Station Type" value="Passenger Car" type="enum" />
        </nodeAttributes>
      </attributes>
      <txmessages>
        <message name="CAM">
          <attributes>
            <general>
              <attribute name="GenMsgSendType" displayname="Send Type" value="Cyclic" type="enum" />
              <attribute name="GenMsgCycleTime" displayname="Cycle Time" value="100" type="int32" />
              <attribute name="GenMsgCertificate" displayname="Certificate Name" value="" type="string" />
              <attribute name="GenMsgCertificateSignerType" displayname="GenMsgCertificateSignerType" value="Certificate" type="enum" />
              <attribute name="GenMsgCertificateSendTimeMS" displayname="Certificate Sendtime [ms]" value="1000" type="int32" />
              <attribute name="GenMsgCertificateMatching" displayname="Certificate Matching" value="" type="string" />
              <attribute name="GenMsgCertificateChangeTimeM" displayname="Certificate Change Time [minute]" value="5" type="int32" />
            </general>
            <stack>
              <layer name="wssv3">
                <attribute name="psid" displayname="PS ID" value="32" type="int32" />
                <attribute name="generationTime" displayname="Generation Time" value="0" type="int64" />
              </layer>
              <layer name="geo_bh">
                <attribute name="version" displayname="Version" value="1" type="int32" />
              </layer>
              <layer name="geo_ch">
                <attribute name="nextHeader" displayname="Next Header" value="BTP-B" type="enum" />
                <attribute name="ht" displayname="Header Type" value="Topologically-scoped Broadcast" type="enum" />
                <attribute name="hst" displayname="Header Subtype" value="0" type="int32" />
              </layer>
              <layer name="geo_eh" />
            </stack>
          </attributes>
        </message>
      </txmessages>
    </node>
    <node name="roundAboutRSU" key="02:00:00:00:00:06">
      <attributes>
        <nodeAttributes>
          <attribute name="NodeAttrUseBasicStackValues" displayname="Stack Values" value="On" type="enum" />
          <attribute name="NodeAttrUseBasicStackTiming" displayname="Stack Timing" value="Off" type="enum" />
          <attribute name="NodeAttrUseGnssSysvars" displayname="Use GNSS Sysvars" value="Off" type="enum" />
          <attribute name="NodeAttrMessageSendingActive" displayname="Message Sending" value="Active" type="enum" />
          <attribute name="NodeAttrStartNodeOn" displayname="Start Node On" value="Measurement Start" type="enum" />
          <attribute name="NodeAttrStationID" displayname="Station ID" value="6" type="int64" />
          <attribute name="NodeAttrVehicleLength" displayname="Vehicle Length [dm]" value="40" type="int32" />
          <attribute name="NodeAttrVehicleWidth" displayname="Vehicle Width [dm]" value="20" type="int32" />
          <attribute name="lpvGNAddrStationType" displayname="Station Type" value="Road Side Unit" type="enum" />
        </nodeAttributes>
      </attributes>
      <txmessages>
        <message name="CAM">
          <attributes>
            <general>
              <attribute name="GenMsgSendType" displayname="Send Type" value="Cyclic" type="enum" />
              <attribute name="GenMsgCycleTime" displayname="Cycle Time" value="100" type="int32" />
              <attribute name="GenMsgCertificate" displayname="Certificate Name" value="" type="string" />
              <attribute name="GenMsgCertificateSignerType" displayname="GenMsgCertificateSignerType" value="Certificate" type="enum" />
              <attribute name="GenMsgCertificateSendTimeMS" displayname="Certificate Sendtime [ms]" value="1000" type="int32" />
              <attribute name="GenMsgCertificateMatching" displayname="Certificate Matching" value="" type="string" />
              <attribute name="GenMsgCertificateChangeTimeM" displayname="Certificate Change Time [minute]" value="5" type="int32" />
            </general>
            <stack>
              <layer name="wssv3">
                <attribute name="psid" displayname="PS ID" value="32" type="int32" />
                <attribute name="generationTime" displayname="Generation Time" value="0" type="int64" />
              </layer>
              <layer name="geo_bh">
                <attribute name="version" displayname="Version" value="1" type="int32" />
              </layer>
              <layer name="geo_ch">
                <attribute name="nextHeader" displayname="Next Header" value="BTP-B" type="enum" />
                <attribute name="ht" displayname="Header Type" value="Topologically-scoped Broadcast" type="enum" />
                <attribute name="hst" displayname="Header Subtype" value="0" type="int32" />
              </layer>
              <layer name="geo_eh" />
            </stack>
          </attributes>
        </message>
      </txmessages>
    </node>
    <node name="Car3" key="02:00:00:00:00:03">
      <attributes>
        <nodeAttributes>
          <attribute name="NodeAttrUseBasicStackValues" displayname="Stack Values" value="On" type="enum" />
          <attribute name="NodeAttrUseBasicStackTiming" displayname="Stack Timing" value="Off" type="enum" />
          <attribute name="NodeAttrUseGnssSysvars" displayname="Use GNSS Sysvars" value="Off" type="enum" />
          <attribute name="NodeAttrMessageSendingActive" displayname="Message Sending" value="Active" type="enum" />
          <attribute name="NodeAttrStartNodeOn" displayname="Start Node On" value="Measurement Start" type="enum" />
          <attribute name="NodeAttrStationID" displayname="Station ID" value="3" type="int64" />
          <attribute name="NodeAttrVehicleLength" displayname="Vehicle Length [dm]" value="40" type="int32" />
          <attribute name="NodeAttrVehicleWidth" displayname="Vehicle Width [dm]" value="20" type="int32" />
          <attribute name="lpvGNAddrStationType" displayname="Station Type" value="Passenger Car" type="enum" />
        </nodeAttributes>
      </attributes>
      <txmessages>
        <message name="CAM">
          <attributes>
            <general>
              <attribute name="GenMsgSendType" displayname="Send Type" value="Cyclic" type="enum" />
              <attribute name="GenMsgCycleTime" displayname="Cycle Time" value="100" type="int32" />
              <attribute name="GenMsgCertificate" displayname="Certificate Name" value="" type="string" />
              <attribute name="GenMsgCertificateSignerType" displayname="GenMsgCertificateSignerType" value="Certificate" type="enum" />
              <attribute name="GenMsgCertificateSendTimeMS" displayname="Certificate Sendtime [ms]" value="1000" type="int32" />
              <attribute name="GenMsgCertificateMatching" displayname="Certificate Matching" value="" type="string" />
              <attribute name="GenMsgCertificateChangeTimeM" displayname="Certificate Change Time [minute]" value="5" type="int32" />
            </general>
            <stack>
              <layer name="wssv3">
                <attribute name="psid" displayname="PS ID" value="32" type="int32" />
                <attribute name="generationTime" displayname="Generation Time" value="0" type="int64" />
              </layer>
              <layer name="geo_bh">
                <attribute name="version" displayname="Version" value="1" type="int32" />
              </layer>
              <layer name="geo_ch">
                <attribute name="nextHeader" displayname="Next Header" value="BTP-B" type="enum" />
                <attribute name="ht" displayname="Header Type" value="Topologically-scoped Broadcast" type="enum" />
                <attribute name="hst" displayname="Header Subtype" value="0" type="int32" />
              </layer>
              <layer name="geo_eh" />
            </stack>
          </attributes>
        </message>
      </txmessages>
    </node>
  </nodes>
  <properties>
    <capl_message_map>
      <item instance-name="camPdu" message="CAM" />
      <item instance-name="" message="DENM" />
      <item instance-name="" message="MAP" />
      <item instance-name="" message="SPAT" />
      <item instance-name="" message="IVIM" />
    </capl_message_map>
  </properties>
</asnv>