<car2x-station-manager-data version="1.0" encoding="utf-8">
  <node device-id="1">
    <name value="wrongTurnRSU"/>
    <frame-info>
      <mac-address value="020000000005"/>
      <geo-mac value="020000000005"/>
    </frame-info>
    <assigned-node db-name="EU_ApplMsg" name="wrongTurnRSU"/>
    <geo-address value="3C00020000000005"/>
    <latitude value="52.246"/>
    <longitude value="-7.12811"/>
    <speed value="0"/>
    <heading value="232.4"/>
    <timestamp value="638737231852000"/>
    <color value="BF3F3F00"/>
    <trace-highlight value="false"/>
  </node>
  <node device-id="2">
    <name value="Car3"/>
    <frame-info>
      <mac-address value="020000000003"/>
      <geo-mac value="020000000003"/>
    </frame-info>
    <assigned-node db-name="EU_ApplMsg" name="Car3"/>
    <geo-address value="1400020000000003"/>
    <latitude value="0"/>
    <longitude value="0"/>
    <speed value="0"/>
    <heading value="0"/>
    <timestamp value="634919174105000"/>
    <color value="3FBF3F00"/>
    <trace-highlight value="false"/>
  </node>
  <node device-id="3">
    <name value="roundAboutRSU"/>
    <frame-info>
      <mac-address value="020000000006"/>
      <geo-mac value="020000000006"/>
    </frame-info>
    <assigned-node db-name="EU_ApplMsg" name="roundAboutRSU"/>
    <geo-address value="3C00020000000006"/>
    <latitude value="0"/>
    <longitude value="0"/>
    <speed value="0"/>
    <heading value="0"/>
    <timestamp value="638737231852000"/>
    <color value="BFBF3F00"/>
    <trace-highlight value="false"/>
  </node>
  <node device-id="4">
    <name value="Car2"/>
    <frame-info>
      <mac-address value="020000000002"/>
      <geo-mac value="020000000002"/>
    </frame-info>
    <assigned-node db-name="EU_ApplMsg" name="Car2"/>
    <geo-address value="1400020000000002"/>
    <latitude value="52.2466"/>
    <longitude value="-7.12845"/>
    <speed value="2.77"/>
    <heading value="12.1"/>
    <timestamp value="638737231852000"/>
    <color value="3F3FBF00"/>
    <trace-highlight value="false"/>
  </node>
  <node device-id="5">
    <name value="Car1"/>
    <frame-info>
      <mac-address value="020000000001"/>
      <geo-mac value="020000000001"/>
    </frame-info>
    <assigned-node db-name="EU_ApplMsg" name="Car1"/>
    <geo-address value="1400020000000001"/>
    <latitude value="52.2469"/>
    <longitude value="-7.12831"/>
    <speed value="0"/>
    <heading value="193.8"/>
    <timestamp value="638737231852000"/>
    <color value="BF3FBF00"/>
    <trace-highlight value="false"/>
  </node>
  <node device-id="6">
    <name value="oneWayRSU"/>
    <frame-info>
      <mac-address value="020000000004"/>
      <geo-mac value="020000000004"/>
    </frame-info>
    <assigned-node db-name="EU_ApplMsg" name="oneWayRSU"/>
    <geo-address value="3C00020000000004"/>
    <latitude value="52.2473"/>
    <longitude value="-7.12817"/>
    <speed value="0"/>
    <heading value="192.8"/>
    <timestamp value="638737231852000"/>
    <color value="3FBFBF00"/>
    <trace-highlight value="false"/>
  </node>
</car2x-station-manager-data>
