<?xml version="1.0" encoding="UTF-8" standalone="no"?>
<module asnv-version="1" entry-point="MAP" name="MAP" tags="automatic">
  <sequence name="MAP">
    <field name="header" type="ITS_Container.ItsPduHeader" />
    <field name="map" type="DSRC.MapData" />
    <attributes>
      <general>
        <attribute name="GenMsgSendType" displayname="Send Type" value="Cyclic" type="enum" />
        <attribute name="GenMsgCycleTime" displayname="Cycle Time" value="100" type="int32" />
        <attribute name="GenMsgCertificate" displayname="Certificate Name" value="" type="string" />
        <attribute name="GenMsgCertificateSignerType" value="Certificate" type="enum" />
        <attribute name="GenMsgCertificateSendTimeMS" displayname="Certificate Sendtime [ms]" value="1000" type="int32" />
        <attribute name="GenMsgCertificateMatching" displayname="Certificate Matching" value="" type="string" />
        <attribute name="GenMsgCertificateChangeTimeM" displayname="Certificate Change Time [minute]" value="5" type="int32" />
      </general>
      <stack>
        <layer name="geo_bh">
          <attribute name="version" displayname="Version" value="1" type="int32" />
        </layer>
        <layer name="wssv3">
          <attribute name="psid" displayname="PS ID" value="32" type="int32" />
          <attribute name="generationTime" displayname="Generation Time" value="0" type="int64" />
        </layer>
        <layer name="geo_ch">
          <attribute name="nextHeader" displayname="Next Header" value="BTP-B" type="enum" />
          <attribute name="ht" displayname="Header Type" value="GeoBroadcast" type="enum" />
          <attribute name="hst" displayname="Header Subtype" value="0" type="int32" />
        </layer>
        <layer name="geo_eh">
        </layer>
      </stack>
    </attributes>
  </sequence>
  <sequence name="ITS_Container.ItsPduHeader">
    <field name="protocolVersion" type="ITS_Container.ItsPduHeader$protocolVersion" />
    <field name="messageID" type="ITS_Container.ItsPduHeader$messageID" />
    <field name="stationID" type="ITS_Container.StationID" />
  </sequence>
  <integer max="255" min="0" name="ITS_Container.ItsPduHeader$protocolVersion"/>
  <integer max="255" min="0" name="ITS_Container.ItsPduHeader$messageID">
    <value name="denm" value="1" />
    <value name="cam" value="2" />
    <value name="poi" value="3" />
    <value name="spat" value="4" />
    <value name="map" value="5" />
    <value name="ivi" value="6" />
    <value name="ev_rsr" value="7" />
    <value name="tistpgtransaction" value="8" />
    <value name="srem" value="9" />
    <value name="ssem" value="10" />
    <value name="evcsn" value="11" />
    <value name="saem" value="12" />
    <value name="rtcmem" value="13" />
  </integer>
  <integer max="4294967295" min="0" name="ITS_Container.StationID" />
  <sequence name="DSRC.MapData">
    <field name="timeStamp" optional="true" type="DSRC.MinuteOfTheYear" />
    <field name="msgIssueRevision" type="DSRC.MsgCount" />
    <field name="layerType" optional="true" type="DSRC.LayerType" />
    <field name="layerID" optional="true" type="DSRC.LayerID" />
    <field name="intersections" optional="true" type="DSRC.IntersectionGeometryList" />
    <field name="roadSegments" optional="true" type="DSRC.RoadSegmentList" />
    <field name="dataParameters" optional="true" type="DSRC.DataParameters" />
    <field name="restrictionList" optional="true" type="DSRC.RestrictionClassList" />
    <field name="regional" optional="true" type="DSRC.MapData$regional" />
    <extension />
  </sequence>
  <integer max="527040" min="0" name="DSRC.MinuteOfTheYear" />
  <integer max="127" min="0" name="DSRC.MsgCount" />
  <enumerated name="DSRC.LayerType">
    <value name="none" value="0" />
    <value name="mixedContent" value="1" />
    <value name="generalMapData" value="2" />
    <value name="intersectionData" value="3" />
    <value name="curveData" value="4" />
    <value name="roadwaySectionData" value="5" />
    <value name="parkingAreaData" value="6" />
    <value name="sharedLaneData" value="7" />
    <extension />
  </enumerated>
  <integer max="100" min="0" name="DSRC.LayerID" />
  <sequence-of max="32" min="1" name="DSRC.IntersectionGeometryList">
    <field type="DSRC.IntersectionGeometry" />
  </sequence-of>
  <sequence name="DSRC.IntersectionGeometry">
    <field name="name" optional="true" type="DSRC.DescriptiveName" />
    <field name="id" type="DSRC.IntersectionReferenceID" />
    <field name="revision" type="DSRC.MsgCount" />
    <field name="refPoint" type="DSRC.Position3D" />
    <field name="laneWidth" optional="true" type="DSRC.LaneWidth" />
    <field name="speedLimits" optional="true" type="DSRC.SpeedLimitList" />
    <field name="laneSet" type="DSRC.LaneList" />
    <field name="preemptPriorityData" optional="true" type="DSRC.PreemptPriorityList" />
    <field name="regional" optional="true" type="DSRC.IntersectionGeometry$regional" />
    <extension />
  </sequence>
  <ia5-string max="63" min="1" name="DSRC.DescriptiveName" />
  <sequence name="DSRC.IntersectionReferenceID">
    <field name="region" optional="true" type="DSRC.RoadRegulatorID" />
    <field name="id" type="DSRC.IntersectionID" />
  </sequence>
  <integer max="65535" min="0" name="DSRC.RoadRegulatorID" />
  <integer max="65535" min="0" name="DSRC.IntersectionID" />
  <sequence name="DSRC.Position3D">
    <field name="lat" type="ITS_Container.Latitude" />
    <field name="lon" type="ITS_Container.Longitude" />
    <field name="elevation" optional="true" type="DSRC.Elevation" />
    <field name="regional" optional="true" type="DSRC.Position3D$regional" />
    <extension />
  </sequence>
  <integer max="900000001" min="-900000000" name="ITS_Container.Latitude">
    <!-- <value name="oneMicrodegreeNorth" value="10" /> -->
    <!-- <value name="oneMicrodegreeSouth" value="-10" /> -->
    <value name="unavailable" value="900000001" />
    <format factor="0.0000001" unit="°" />
  </integer>
  <integer max="1800000001" min="-1800000000" name="ITS_Container.Longitude">
    <!-- <value name="oneMicrodegreeEast" value="10" /> -->
    <!-- <value name="oneMicrodegreeWest" value="-10" /> -->
    <value name="unavailable" value="1800000001" />
    <format factor="0.0000001" unit="°" />
  </integer>
  <integer max="61439" min="-4096" name="DSRC.Elevation">
    <format factor="0.01" unit="m" />
  </integer>
  <sequence-of max="4" min="1" name="DSRC.Position3D$regional">
    <field type="DSRC.RegionalExtensionPosition3D" />
  </sequence-of>
  <sequence name="DSRC.RegionalExtensionPosition3D">
    <table-key name="regionId" table="Reg_Position3D" />
    <table-val name="regExtValue" col="Type" key="regionId"/>
  </sequence>
  <table name="Reg_Position3D" type="DSRC.RegionId">
    <col name="Type" />
    <row name="addGrpC" value="addGrpC">
      <col name="Type" type="AddGrpC.Position3D_addGrpC" />
    </row>
  </table>
  <integer max="255" min="0" name="DSRC.RegionId">
    <value name="noRegion" value="0" />
    <value name="addGrpA" value="1" />
    <value name="addGrpB" value="2" />
    <value name="addGrpC" value="3" />
  </integer>
  <sequence name="AddGrpC.Position3D_addGrpC">
    <field name="altitude" type="ITS_Container.Altitude" />
    <extension />
  </sequence>
  <sequence name="ITS_Container.Altitude">
    <field name="altitudeValue" type="ITS_Container.AltitudeValue" />
    <field name="altitudeConfidence" type="ITS_Container.AltitudeConfidence" />
  </sequence>
  <integer max="800001" min="-100000" name="ITS_Container.AltitudeValue">
    <value name="referenceEllipsoidSurface" value="0" />
    <value name="oneCentimeter" value="1" />
    <value name="unavailable" value="800001" />
  </integer>
  <enumerated name="ITS_Container.AltitudeConfidence">
    <value name="alt_000_01" value="0" />
    <value name="alt_000_02" value="1" />
    <value name="alt_000_05" value="2" />
    <value name="alt_000_10" value="3" />
    <value name="alt_000_20" value="4" />
    <value name="alt_000_50" value="5" />
    <value name="alt_001_00" value="6" />
    <value name="alt_002_00" value="7" />
    <value name="alt_005_00" value="8" />
    <value name="alt_010_00" value="9" />
    <value name="alt_020_00" value="10" />
    <value name="alt_050_00" value="11" />
    <value name="alt_100_00" value="12" />
    <value name="alt_200_00" value="13" />
    <value name="outOfRange" value="14" />
    <value name="unavailable" value="15" />
  </enumerated>
  <integer max="32767" min="0" name="DSRC.LaneWidth">
    <format factor="0.01" unit="m" />
  </integer>
  <sequence-of max="9" min="1" name="DSRC.SpeedLimitList">
    <field type="DSRC.RegulatorySpeedLimit" />
  </sequence-of>
  <sequence name="DSRC.RegulatorySpeedLimit">
    <field name="type" type="DSRC.SpeedLimitType" />
    <field name="speed" type="DSRC.Velocity" />
  </sequence>
  <enumerated name="DSRC.SpeedLimitType">
    <value name="unknown" value="0" />
    <value name="maxSpeedInSchoolZone" value="1" />
    <value name="maxSpeedInSchoolZoneWhenChildrenArePresent" value="2" />
    <value name="maxSpeedInConstructionZone" value="3" />
    <value name="vehicleMinSpeed" value="4" />
    <value name="vehicleMaxSpeed" value="5" />
    <value name="vehicleNightMaxSpeed" value="6" />
    <value name="truckMinSpeed" value="7" />
    <value name="truckMaxSpeed" value="8" />
    <value name="truckNightMaxSpeed" value="9" />
    <value name="vehiclesWithTrailersMinSpeed" value="10" />
    <value name="vehiclesWithTrailersMaxSpeed" value="11" />
    <value name="vehiclesWithTrailersNightMaxSpeed" value="12" />
    <extension />
  </enumerated>
  <integer max="8191" min="0" name="DSRC.Velocity" />
  <sequence-of max="255" min="1" name="DSRC.LaneList">
    <field type="DSRC.GenericLane" />
  </sequence-of>
  <sequence name="DSRC.GenericLane">
    <field name="laneID" type="DSRC.LaneID" />
    <field name="name" optional="true" type="DSRC.DescriptiveName" />
    <field name="ingressApproach" optional="true" type="DSRC.ApproachID" />
    <field name="egressApproach" optional="true" type="DSRC.ApproachID" />
    <field name="laneAttributes" type="DSRC.LaneAttributes" />
    <field name="maneuvers" optional="true" type="DSRC.AllowedManeuvers" />
    <field name="nodeList" type="DSRC.NodeListXY" />
    <field name="connectsTo" optional="true" type="DSRC.ConnectsToList" />
    <field name="overlays" optional="true" type="DSRC.OverlayLaneList" />
    <field name="regional" optional="true" type="DSRC.GenericLane$regional" />
    <extension />
  </sequence>
  <integer max="255" min="0" name="DSRC.LaneID" />
  <integer max="15" min="0" name="DSRC.ApproachID" />
  <sequence name="DSRC.LaneAttributes">
    <field name="directionalUse" type="DSRC.LaneDirection" />
    <field name="sharedWith" type="DSRC.LaneSharing" />
    <field name="laneType" type="DSRC.LaneTypeAttributes" />
    <field name="regional" optional="true" type="DSRC.RegionalExtensionEmpty" />
  </sequence>
  <bit-string max="2" min="2" name="DSRC.LaneDirection">
    <value name="ingressPath" value="0" />
    <value name="egressPath" value="1" />
  </bit-string>
  <bit-string max="10" min="10" name="DSRC.LaneSharing">
    <value name="overlappingLaneDescriptionProvided" value="0" />
    <value name="multipleLanesTreatedAsOneLane" value="1" />
    <value name="otherNonMotorizedTrafficTypes" value="2" />
    <value name="individualMotorizedVehicleTraffic" value="3" />
    <value name="busVehicleTraffic" value="4" />
    <value name="taxiVehicleTraffic" value="5" />
    <value name="pedestriansTraffic" value="6" />
    <value name="cyclistVehicleTraffic" value="7" />
    <value name="trackedVehicleTraffic" value="8" />
    <value name="pedestrianTraffic" value="9" />
  </bit-string>
  <choice name="DSRC.LaneTypeAttributes">
    <field name="vehicle" type="DSRC.LaneAttributes_Vehicle" />
    <field name="crosswalk" type="DSRC.LaneAttributes_Crosswalk" />
    <field name="bikeLane" type="DSRC.LaneAttributes_Bike" />
    <field name="sidewalk" type="DSRC.LaneAttributes_Sidewalk" />
    <field name="median" type="DSRC.LaneAttributes_Barrier" />
    <field name="striping" type="DSRC.LaneAttributes_Striping" />
    <field name="trackedVehicle" type="DSRC.LaneAttributes_TrackedVehicle" />
    <field name="parking" type="DSRC.LaneAttributes_Parking" />
    <extension />
  </choice>
  <bit-string extension="true" max="8" min="8" name="DSRC.LaneAttributes_Vehicle">
    <value name="isVehicleRevocableLane" value="0" />
    <value name="isVehicleFlyOverLane" value="1" />
    <value name="hovLaneUseOnly" value="2" />
    <value name="restrictedToBusUse" value="3" />
    <value name="restrictedToTaxiUse" value="4" />
    <value name="restrictedFromPublicUse" value="5" />
    <value name="hasIRbeaconCoverage" value="6" />
    <value name="permissionOnRequest" value="7" />
  </bit-string>
  <bit-string max="16" min="16" name="DSRC.LaneAttributes_Crosswalk">
    <value name="crosswalkRevocableLane" value="0" />
    <value name="bicyleUseAllowed" value="1" />
    <value name="isXwalkFlyOverLane" value="2" />
    <value name="fixedCycleTime" value="3" />
    <value name="biDirectionalCycleTimes" value="4" />
    <value name="hasPushToWalkButton" value="5" />
    <value name="audioSupport" value="6" />
    <value name="rfSignalRequestPresent" value="7" />
    <value name="unsignalizedSegmentsPresent" value="8" />
  </bit-string>
  <bit-string max="16" min="16" name="DSRC.LaneAttributes_Bike">
    <value name="bikeRevocableLane" value="0" />
    <value name="pedestrianUseAllowed" value="1" />
    <value name="isBikeFlyOverLane" value="2" />
    <value name="fixedCycleTime" value="3" />
    <value name="biDirectionalCycleTimes" value="4" />
    <value name="isolatedByBarrier" value="5" />
    <value name="unsignalizedSegmentsPresent" value="6" />
  </bit-string>
  <bit-string max="16" min="16" name="DSRC.LaneAttributes_Sidewalk">
    <value name="sidewalk_RevocableLane" value="0" />
    <value name="bicyleUseAllowed" value="1" />
    <value name="isSidewalkFlyOverLane" value="2" />
    <value name="walkBikes" value="3" />
  </bit-string>
  <bit-string max="16" min="16" name="DSRC.LaneAttributes_Barrier">
    <value name="median_RevocableLane" value="0" />
    <value name="median" value="1" />
    <value name="whiteLineHashing" value="2" />
    <value name="stripedLines" value="3" />
    <value name="doubleStripedLines" value="4" />
    <value name="trafficCones" value="5" />
    <value name="constructionBarrier" value="6" />
    <value name="trafficChannels" value="7" />
    <value name="lowCurbs" value="8" />
    <value name="highCurbs" value="9" />
  </bit-string>
  <bit-string max="16" min="16" name="DSRC.LaneAttributes_Striping">
    <value name="stripeToConnectingLanesRevocableLane" value="0" />
    <value name="stripeDrawOnLeft" value="1" />
    <value name="stripeDrawOnRight" value="2" />
    <value name="stripeToConnectingLanesLeft" value="3" />
    <value name="stripeToConnectingLanesRight" value="4" />
    <value name="stripeToConnectingLanesAhead" value="5" />
  </bit-string>
  <bit-string max="16" min="16" name="DSRC.LaneAttributes_TrackedVehicle">
    <value name="spec_RevocableLane" value="0" />
    <value name="spec_commuterRailRoadTrack" value="1" />
    <value name="spec_lightRailRoadTrack" value="2" />
    <value name="spec_heavyRailRoadTrack" value="3" />
    <value name="spec_otherRailType" value="4" />
  </bit-string>
  <bit-string max="16" min="16" name="DSRC.LaneAttributes_Parking">
    <value name="parkingRevocableLane" value="0" />
    <value name="parallelParkingInUse" value="1" />
    <value name="headInParkingInUse" value="2" />
    <value name="doNotParkZone" value="3" />
    <value name="parkingForBusUse" value="4" />
    <value name="parkingForTaxiUse" value="5" />
    <value name="noPublicParkingUse" value="6" />
  </bit-string>
  <sequence name="DSRC.RegionalExtensionEmpty">
    <table-key name="regionId" table="Reg_Empty" />
    <table-val name="regExtValue" col="Type" key="regionId" />
  </sequence>
  <table name="Reg_Empty" type="DSRC.RegionId">
    <col name="Type" />
  </table>
  <bit-string max="12" min="12" name="DSRC.AllowedManeuvers">
    <value name="maneuverStraightAllowed" value="0" />
    <value name="maneuverLeftAllowed" value="1" />
    <value name="maneuverRightAllowed" value="2" />
    <value name="maneuverUTurnAllowed" value="3" />
    <value name="maneuverLeftTurnOnRedAllowed" value="4" />
    <value name="maneuverRightTurnOnRedAllowed" value="5" />
    <value name="maneuverLaneChangeAllowed" value="6" />
    <value name="maneuverNoStoppingAllowed" value="7" />
    <value name="yieldAllwaysRequired" value="8" />
    <value name="goWithHalt" value="9" />
    <value name="caution" value="10" />
    <value name="reserved1" value="11" />
  </bit-string>
  <choice name="DSRC.NodeListXY">
    <field name="nodes" type="DSRC.NodeSetXY" />
    <field name="computed" type="DSRC.ComputedLane" />
    <extension />
  </choice>
  <sequence-of max="63" min="2" name="DSRC.NodeSetXY">
    <field type="DSRC.NodeXY" />
  </sequence-of>
  <sequence name="DSRC.NodeXY">
    <field name="delta" type="DSRC.NodeOffsetPointXY" />
    <field name="attributes" optional="true" type="DSRC.NodeAttributeSetXY" />
    <extension />
  </sequence>
  <choice name="DSRC.NodeOffsetPointXY">
    <field name="node_XY1" type="DSRC.Node_XY_20b" />
    <field name="node_XY2" type="DSRC.Node_XY_22b" />
    <field name="node_XY3" type="DSRC.Node_XY_24b" />
    <field name="node_XY4" type="DSRC.Node_XY_26b" />
    <field name="node_XY5" type="DSRC.Node_XY_28b" />
    <field name="node_XY6" type="DSRC.Node_XY_32b" />
    <field name="node_LatLon" type="DSRC.Node_LLmD_64b" />
    <field name="regional" type="DSRC.RegionalExtensionEmpty" />
  </choice>
  <sequence name="DSRC.Node_XY_20b">
    <field name="x" type="DSRC.Offset_B10" />
    <field name="y" type="DSRC.Offset_B10" />
  </sequence>
  <integer max="511" min="-512" name="DSRC.Offset_B10">
    <format factor="0.01" unit="m" />
  </integer>
  <sequence name="DSRC.Node_XY_22b">
    <field name="x" type="DSRC.Offset_B11" />
    <field name="y" type="DSRC.Offset_B11" />
  </sequence>
  <integer max="1023" min="-1024" name="DSRC.Offset_B11">
    <format factor="0.01" unit="m" />
  </integer>
  <sequence name="DSRC.Node_XY_24b">
    <field name="x" type="DSRC.Offset_B12" />
    <field name="y" type="DSRC.Offset_B12" />
  </sequence>
  <integer max="2047" min="-2048" name="DSRC.Offset_B12">
    <format factor="0.01" unit="m" />
  </integer>
  <sequence name="DSRC.Node_XY_26b">
    <field name="x" type="DSRC.Offset_B13" />
    <field name="y" type="DSRC.Offset_B13" />
  </sequence>
  <integer max="4095" min="-4096" name="DSRC.Offset_B13">
    <format factor="0.01" unit="m" />
  </integer>
  <sequence name="DSRC.Node_XY_28b">
    <field name="x" type="DSRC.Offset_B14" />
    <field name="y" type="DSRC.Offset_B14" />
  </sequence>
  <integer max="8191" min="-8192" name="DSRC.Offset_B14">
    <format factor="0.01" unit="m" />
  </integer>
  <sequence name="DSRC.Node_XY_32b">
    <field name="x" type="DSRC.Offset_B16" />
    <field name="y" type="DSRC.Offset_B16" />
  </sequence>
  <integer max="32767" min="-32768" name="DSRC.Offset_B16">
    <format factor="0.01" unit="m" />
  </integer>
  <sequence name="DSRC.Node_LLmD_64b">
    <field name="lon" type="ITS_Container.Longitude" />
    <field name="lat" type="ITS_Container.Latitude" />
  </sequence>
  <sequence name="DSRC.NodeAttributeSetXY">
    <field name="localNode" optional="true" type="DSRC.NodeAttributeXYList" />
    <field name="disabled" optional="true" type="DSRC.SegmentAttributeXYList" />
    <field name="enabled" optional="true" type="DSRC.SegmentAttributeXYList" />
    <field name="data" optional="true" type="DSRC.LaneDataAttributeList" />
    <field name="dWidth" optional="true" type="DSRC.Offset_B10" />
    <field name="dElevation" optional="true" type="DSRC.Offset_B10" />
    <field name="regional" optional="true" type="DSRC.NodeAttributeSetXY$regional" />
    <extension />
  </sequence>
  <sequence-of max="8" min="1" name="DSRC.NodeAttributeXYList">
    <field type="DSRC.NodeAttributeXY" />
  </sequence-of>
  <enumerated name="DSRC.NodeAttributeXY">
    <value name="reserved" value="0" />
    <value name="stopLine" value="1" />
    <value name="roundedCapStyleA" value="2" />
    <value name="roundedCapStyleB" value="3" />
    <value name="mergePoint" value="4" />
    <value name="divergePoint" value="5" />
    <value name="downstreamStopLine" value="6" />
    <value name="downstreamStartNode" value="7" />
    <value name="closedToTraffic" value="8" />
    <value name="safeIsland" value="9" />
    <value name="curbPresentAtStepOff" value="10" />
    <value name="hydrantPresent" value="11" />
    <extension />
  </enumerated>
  <sequence-of max="8" min="1" name="DSRC.SegmentAttributeXYList">
    <field type="DSRC.SegmentAttributeXY" />
  </sequence-of>
  <enumerated name="DSRC.SegmentAttributeXY">
    <value name="reserved" value="0" />
    <value name="doNotBlock" value="1" />
    <value name="whiteLine" value="2" />
    <value name="mergingLaneLeft" value="3" />
    <value name="mergingLaneRight" value="4" />
    <value name="curbOnLeft" value="5" />
    <value name="curbOnRight" value="6" />
    <value name="loadingzoneOnLeft" value="7" />
    <value name="loadingzoneOnRight" value="8" />
    <value name="turnOutPointOnLeft" value="9" />
    <value name="turnOutPointOnRight" value="10" />
    <value name="adjacentParkingOnLeft" value="11" />
    <value name="adjacentParkingOnRight" value="12" />
    <value name="adjacentBikeLaneOnLeft" value="13" />
    <value name="adjacentBikeLaneOnRight" value="14" />
    <value name="sharedBikeLane" value="15" />
    <value name="bikeBoxInFront" value="16" />
    <value name="transitStopOnLeft" value="17" />
    <value name="transitStopOnRight" value="18" />
    <value name="transitStopInLane" value="19" />
    <value name="sharedWithTrackedVehicle" value="20" />
    <value name="safeIsland" value="21" />
    <value name="lowCurbsPresent" value="22" />
    <value name="rumbleStripPresent" value="23" />
    <value name="audibleSignalingPresent" value="24" />
    <value name="adaptiveTimingPresent" value="25" />
    <value name="rfSignalRequestPresent" value="26" />
    <value name="partialCurbIntrusion" value="27" />
    <value name="taperToLeft" value="28" />
    <value name="taperToRight" value="29" />
    <value name="taperToCenterLine" value="30" />
    <value name="parallelParking" value="31" />
    <value name="headInParking" value="32" />
    <value name="freeParking" value="33" />
    <value name="timeRestrictionsOnParking" value="34" />
    <value name="costToPark" value="35" />
    <value name="midBlockCurbPresent" value="36" />
    <value name="unEvenPavementPresent" value="37" />
    <extension />
  </enumerated>
  <sequence-of max="8" min="1" name="DSRC.LaneDataAttributeList">
    <field type="DSRC.LaneDataAttribute" />
  </sequence-of>
  <choice name="DSRC.LaneDataAttribute">
    <field name="pathEndPointAngle" type="DSRC.DeltaAngle" />
    <field name="laneCrownPointCenter" type="DSRC.RoadwayCrownAngle" />
    <field name="laneCrownPointLeft" type="DSRC.RoadwayCrownAngle" />
    <field name="laneCrownPointRight" type="DSRC.RoadwayCrownAngle" />
    <field name="laneAngle" type="DSRC.MergeDivergeNodeAngle" />
    <field name="speedLimits" type="DSRC.SpeedLimitList" />
    <field name="regional" type="DSRC.LaneDataAttribute$regional" />
    <extension />
  </choice>
  <integer max="150" min="-150" name="DSRC.DeltaAngle" />
  <integer max="127" min="-128" name="DSRC.RoadwayCrownAngle" />
  <integer max="180" min="-180" name="DSRC.MergeDivergeNodeAngle" />
  <sequence-of max="4" min="1" name="DSRC.LaneDataAttribute$regional">
    <field type="DSRC.RegionalExtensionEmpty" />
  </sequence-of>
  <sequence-of max="4" min="1" name="DSRC.NodeAttributeSetXY$regional">
    <field type="DSRC.RegionalExtensionNodeAttributeSetXY" />
  </sequence-of>
  <sequence name="DSRC.RegionalExtensionNodeAttributeSetXY">
    <table-key name="regionId" table="Reg_NodeAttributeSetXY" />
    <table-val name="regExtValue"  col="Type" key="regionId" />
  </sequence>
  <table name="Reg_NodeAttributeSetXY" type="DSRC.RegionId">
    <col name="Type" />
    <row name="addGrpC" value="addGrpC">
      <col name="Type" type="AddGrpC.Control_addGrpC" />
    </row>
  </table>
  <sequence name="AddGrpC.Control_addGrpC">
    <field name="ptvRequest" type="AddGrpC.PtvRequestType" />
    <extension />
  </sequence>
  <enumerated name="AddGrpC.PtvRequestType">
    <value name="preRequest" value="0" />
    <value name="mainRequest" value="1" />
    <value name="doorCloseRequest" value="2" />
    <value name="cancelRequest" value="3" />
    <value name="emergencyRequest" value="4" />
    <extension />
  </enumerated>
  <sequence name="DSRC.ComputedLane">
    <field name="referenceLaneId" type="DSRC.LaneID" />
    <field name="offsetXaxis" type="DSRC.ComputedLane$offsetXaxis" />
    <field name="offsetYaxis" type="DSRC.ComputedLane$offsetYaxis" />
    <field name="rotateXY" optional="true" type="DSRC.Angle" />
    <field name="scaleXaxis" optional="true" type="DSRC.Scale_B12" />
    <field name="scaleYaxis" optional="true" type="DSRC.Scale_B12" />
    <field name="regional" optional="true" type="DSRC.ComputedLane$regional" />
    <extension />
  </sequence>
  <choice name="DSRC.ComputedLane$offsetXaxis">
    <field name="small" type="DSRC.DrivenLineOffsetSm" />
    <field name="large" type="DSRC.DrivenLineOffsetLg" />
  </choice>
  <integer max="2047" min="-2047" name="DSRC.DrivenLineOffsetSm" />
  <integer max="32767" min="-32767" name="DSRC.DrivenLineOffsetLg" />
  <choice name="DSRC.ComputedLane$offsetYaxis">
    <field name="small" type="DSRC.DrivenLineOffsetSm" />
    <field name="large" type="DSRC.DrivenLineOffsetLg" />
  </choice>
  <integer max="28800" min="0" name="DSRC.Angle" />
  <integer max="2047" min="-2048" name="DSRC.Scale_B12" />
  <sequence-of max="4" min="1" name="DSRC.ComputedLane$regional">
    <field type="DSRC.RegionalExtensionEmpty" />
  </sequence-of>
  <sequence-of max="16" min="1" name="DSRC.ConnectsToList">
    <field type="DSRC.Connection" />
  </sequence-of>
  <sequence name="DSRC.Connection">
    <field name="connectingLane" type="DSRC.ConnectingLane" />
    <field name="remoteIntersection" optional="true" type="DSRC.IntersectionReferenceID" />
    <field name="signalGroup" optional="true" type="DSRC.SignalGroupID" />
    <field name="userClass" optional="true" type="DSRC.RestrictionClassID" />
    <field name="connectionID" optional="true" type="DSRC.LaneConnectionID" />
  </sequence>
  <sequence name="DSRC.ConnectingLane">
    <field name="lane" type="DSRC.LaneID" />
    <field name="maneuver" optional="true" type="DSRC.AllowedManeuvers" />
  </sequence>
  <integer max="255" min="0" name="DSRC.SignalGroupID" />
  <integer max="255" min="0" name="DSRC.RestrictionClassID" />
  <integer max="255" min="0" name="DSRC.LaneConnectionID" />
  <sequence-of max="5" min="1" name="DSRC.OverlayLaneList">
    <field type="DSRC.LaneID" />
  </sequence-of>
  <sequence-of max="4" min="1" name="DSRC.GenericLane$regional">
    <field type="DSRC.RegionalExtensionGenericLane" />
  </sequence-of>
  <sequence name="DSRC.RegionalExtensionGenericLane">
    <table-key name="regionId" table="Reg_GenericLane" />
    <table-val name="regExtValue" col="Type" key="regionId" />
  </sequence>
  <table name="Reg_GenericLane" type="DSRC.RegionId">
    <col name="Type" />
    <row name="addGrpC" value="addGrpC">
      <col name="Type" type="AddGrpC.ConnectionTrajectory_addGrpC" />
    </row>
  </table>
  <sequence name="AddGrpC.ConnectionTrajectory_addGrpC">
    <field name="nodes" type="DSRC.NodeSetXY" />
    <extension />
  </sequence>
  <sequence-of max="32" min="1" name="DSRC.PreemptPriorityList">
    <field type="DSRC.SignalControlZone" />
  </sequence-of>
  <sequence name="DSRC.SignalControlZone">
    <field name="zone" type="DSRC.RegionalExtensionEmpty" />
    <extension />
  </sequence>
  <sequence-of max="4" min="1" name="DSRC.IntersectionGeometry$regional">
    <field type="DSRC.RegionalExtensionEmpty" />
  </sequence-of>
  <sequence-of max="32" min="1" name="DSRC.RoadSegmentList">
    <field type="DSRC.RoadSegment" />
  </sequence-of>
  <sequence name="DSRC.RoadSegment">
    <field name="name" optional="true" type="DSRC.DescriptiveName" />
    <field name="id" type="DSRC.RoadSegmentReferenceID" />
    <field name="revision" type="DSRC.MsgCount" />
    <field name="refPoint" type="DSRC.Position3D" />
    <field name="laneWidth" optional="true" type="DSRC.LaneWidth" />
    <field name="speedLimits" optional="true" type="DSRC.SpeedLimitList" />
    <field name="roadLaneSet" type="DSRC.RoadLaneSetList" />
    <field name="regional" optional="true" type="DSRC.RoadSegment$regional" />
    <extension />
  </sequence>
  <sequence name="DSRC.RoadSegmentReferenceID">
    <field name="region" optional="true" type="DSRC.RoadRegulatorID" />
    <field name="id" type="DSRC.RoadSegmentID" />
  </sequence>
  <integer max="65535" min="0" name="DSRC.RoadSegmentID" />
  <sequence-of max="255" min="1" name="DSRC.RoadLaneSetList">
    <field type="DSRC.GenericLane" />
  </sequence-of>
  <sequence-of max="4" min="1" name="DSRC.RoadSegment$regional">
    <field type="DSRC.RegionalExtensionEmpty" />
  </sequence-of>
  <sequence name="DSRC.DataParameters">
    <field name="processMethod" optional="true" type="DSRC.DataParameters$processMethod" />
    <field name="processAgency" optional="true" type="DSRC.DataParameters$processAgency" />
    <field name="lastCheckedDate" optional="true" type="DSRC.DataParameters$lastCheckedDate" />
    <field name="geoidUsed" optional="true" type="DSRC.DataParameters$geoidUsed" />
    <extension />
  </sequence>
  <ia5-string max="255" min="1" name="DSRC.DataParameters$processMethod" />
  <ia5-string max="255" min="1" name="DSRC.DataParameters$processAgency" />
  <ia5-string max="255" min="1" name="DSRC.DataParameters$lastCheckedDate" />
  <ia5-string max="255" min="1" name="DSRC.DataParameters$geoidUsed" />
  <sequence-of max="254" min="1" name="DSRC.RestrictionClassList">
    <field type="DSRC.RestrictionClassAssignment" />
  </sequence-of>
  <sequence name="DSRC.RestrictionClassAssignment">
    <field name="id" type="DSRC.RestrictionClassID" />
    <field name="users" type="DSRC.RestrictionUserTypeList" />
  </sequence>
  <sequence-of max="16" min="1" name="DSRC.RestrictionUserTypeList">
    <field type="DSRC.RestrictionUserType" />
  </sequence-of>
  <choice name="DSRC.RestrictionUserType">
    <field name="basicType" type="DSRC.RestrictionAppliesTo" />
    <field name="regional" type="DSRC.RestrictionUserType$regional" />
    <extension />
  </choice>
  <enumerated name="DSRC.RestrictionAppliesTo">
    <value name="none" value="0" />
    <value name="equippedTransit" value="1" />
    <value name="equippedTaxis" value="2" />
    <value name="equippedOther" value="3" />
    <value name="emissionCompliant" value="4" />
    <value name="equippedBicycle" value="5" />
    <value name="weightCompliant" value="6" />
    <value name="heightCompliant" value="7" />
    <value name="pedestrians" value="8" />
    <value name="slowMovingPersons" value="9" />
    <value name="wheelchairUsers" value="10" />
    <value name="visualDisabilities" value="11" />
    <value name="audioDisabilities" value="12" />
    <value name="otherUnknownDisabilities" value="13" />
    <extension />
  </enumerated>
  <sequence-of max="4" min="1" name="DSRC.RestrictionUserType$regional">
    <field type="DSRC.RegionalExtensionRestrictionUserType" />
  </sequence-of>
  <sequence name="DSRC.RegionalExtensionRestrictionUserType">
    <table-key name="regionId" table="Reg_RestrictionUserType" />
    <table-val name="regExtValue"  col="Type" key="regionId" />
  </sequence>
  <table name="Reg_RestrictionUserType" type="DSRC.RegionId">
    <col name="Type" />
    <row name="addGrpC" value="addGrpC">
      <col name="Type" type="AddGrpC.RestrictionUserType_addGrpC" />
    </row>
  </table>
  <sequence name="AddGrpC.RestrictionUserType_addGrpC">
    <field name="emission" optional="true" type="AddGrpC.EmissionType" />
    <extension />
  </sequence>
  <enumerated name="AddGrpC.EmissionType">
    <value name="euro1" value="0" />
    <value name="euro2" value="1" />
    <value name="euro3" value="2" />
    <value name="euro4" value="3" />
    <value name="euro5" value="4" />
    <value name="euro6" value="5" />
    <extension />
  </enumerated>
  <sequence-of max="4" min="1" name="DSRC.MapData$regional">
    <field type="DSRC.RegionalExtensionMapData" />
  </sequence-of>
  <sequence name="DSRC.RegionalExtensionMapData">
    <table-key name="regionId" table="Reg_MapData" />
    <table- name="regExtValue"  col="Type" key="regionId" />
  </sequence>
  <table name="Reg_MapData" type="DSRC.RegionId">
    <col name="Type" />
    <row name="addGrpC" value="addGrpC">
      <col name="Type" type="AddGrpC.MapData_addGrpC" />
    </row>
  </table>
  <sequence name="AddGrpC.MapData_addGrpC">
    <field name="signalHeadLocations" optional="true" type="AddGrpC.SignalHeadLocationList" />
    <extension />
  </sequence>
  <sequence-of max="64" min="1" name="AddGrpC.SignalHeadLocationList">
    <field type="AddGrpC.SignalHeadLocation" />
  </sequence-of>
  <sequence name="AddGrpC.SignalHeadLocation">
    <field name="nodeXY" type="DSRC.NodeOffsetPointXY" />
    <field name="nodeZ" type="ITS_Container.DeltaAltitude" />
    <field name="signalGroupID" type="DSRC.SignalGroupID" />
    <extension />
  </sequence>
  <integer max="12800" min="-12700" name="ITS_Container.DeltaAltitude">
    <value name="oneCentimeterUp" value="1" />
    <value name="oneCentimeterDown" value="-1" />
    <value name="unavailable" value="12800" />
  </integer>
</module>
