<?xml version="1.0" encoding="UTF-8" standalone="no"?>
<module asnv-version="1" entry-point="SPAT" name="SPAT" tags="automatic">
  <sequence name="SPAT">
    <field name="header" type="ITS_Container.ItsPduHeader" />
    <field name="spat" type="DSRC.SPAT" />
    <attributes>
      <general>
        <attribute name="GenMsgSendType" displayname="Send Type" value="Cyclic" type="enum" />
        <attribute name="GenMsgCycleTime" displayname="Cycle Time" value="100" type="int32" />
        <attribute name="GenMsgCertificate" displayname="Certificate Name" value="" type="string" />
        <attribute name="GenMsgCertificateSignerType" value="Certificate" type="enum" />
        <attribute name="GenMsgCertificateSendTimeMS" displayname="Certificate Sendtime [ms]" value="1000" type="int32" />
        <attribute name="GenMsgCertificateMatching" displayname="Certificate Matching" value="" type="string" />
        <attribute name="GenMsgCertificateChangeTimeM" displayname="Certificate Change Time [minute]" value="5" type="int32" />
      </general>
      <stack>
        <layer name="geo_bh">
          <attribute name="version" displayname="Version" value="1" type="int32" />
        </layer>
        <layer name="wssv3">
          <attribute name="psid" displayname="PS ID" value="32" type="int32" />
          <attribute name="generationTime" displayname="Generation Time" value="0" type="int64" />
        </layer>
        <layer name="geo_ch">
          <attribute name="nextHeader" displayname="Next Header" value="BTP-B" type="enum" />
          <attribute name="ht" displayname="Header Type" value="GeoBroadcast" type="enum" />
          <attribute name="hst" displayname="Header Subtype" value="0" type="int32" />
        </layer>
        <layer name="geo_eh">
        </layer>
      </stack>
    </attributes>
  </sequence>
  <sequence name="ITS_Container.ItsPduHeader">
    <field name="protocolVersion" type="ITS_Container.ItsPduHeader$protocolVersion" />
    <field name="messageID" type="ITS_Container.ItsPduHeader$messageID" />
    <field name="stationID" type="ITS_Container.StationID" />
  </sequence>
  <integer max="255" min="0" name="ITS_Container.ItsPduHeader$protocolVersion" />
  <integer max="255" min="0" name="ITS_Container.ItsPduHeader$messageID">
    <value name="denm" value="1" />
    <value name="cam" value="2" />
    <value name="poi" value="3" />
    <value name="spat" value="4" />
    <value name="map" value="5" />
    <value name="ivi" value="6" />
    <value name="ev_rsr" value="7" />
    <value name="tistpgtransaction" value="8" />
    <value name="srem" value="9" />
    <value name="ssem" value="10" />
    <value name="evcsn" value="11" />
    <value name="saem" value="12" />
    <value name="rtcmem" value="13" />
  </integer>
  <integer max="4294967295" min="0" name="ITS_Container.StationID" />
  <sequence name="DSRC.SPAT">
    <field name="timeStamp" optional="true" type="DSRC.MinuteOfTheYear" />
    <field name="name" optional="true" type="DSRC.DescriptiveName" />
    <field name="intersections" type="DSRC.IntersectionStateList" />
    <field name="regional" optional="true" type="DSRC.SPAT$regional" />
    <extension />
  </sequence>
  <integer max="527040" min="0" name="DSRC.MinuteOfTheYear" />
  <ia5-string max="63" min="1" name="DSRC.DescriptiveName" />
  <sequence-of max="32" min="1" name="DSRC.IntersectionStateList">
    <field type="DSRC.IntersectionState" />
  </sequence-of>
  <sequence name="DSRC.IntersectionState">
    <field name="name" optional="true" type="DSRC.DescriptiveName" />
    <field name="id" type="DSRC.IntersectionReferenceID" />
    <field name="revision" type="DSRC.MsgCount" />
    <field name="status" type="DSRC.IntersectionStatusObject" />
    <field name="moy" optional="true" type="DSRC.MinuteOfTheYear" />
    <field name="timeStamp" optional="true" type="DSRC.DSecond" />
    <field name="enabledLanes" optional="true" type="DSRC.EnabledLaneList" />
    <field name="states" type="DSRC.MovementList" />
    <field name="maneuverAssistList" optional="true" type="DSRC.ManeuverAssistList" />
    <field name="regional" optional="true" type="DSRC.IntersectionState$regional" />
    <extension />
  </sequence>
  <sequence name="DSRC.IntersectionReferenceID">
    <field name="region" optional="true" type="DSRC.RoadRegulatorID" />
    <field name="id" type="DSRC.IntersectionID" />
  </sequence>
  <integer max="65535" min="0" name="DSRC.RoadRegulatorID" />
  <integer max="65535" min="0" name="DSRC.IntersectionID" />
  <integer max="127" min="0" name="DSRC.MsgCount" />
  <bit-string max="16" min="16" name="DSRC.IntersectionStatusObject">
    <value name="manualControlIsEnabled" value="0" />
    <value name="stopTimeIsActivated" value="1" />
    <value name="failureFlash" value="2" />
    <value name="preemptIsActive" value="3" />
    <value name="signalPriorityIsActive" value="4" />
    <value name="fixedTimeOperation" value="5" />
    <value name="trafficDependentOperation" value="6" />
    <value name="standbyOperation" value="7" />
    <value name="failureMode" value="8" />
    <value name="off" value="9" />
    <value name="recentMAPmessageUpdate" value="10" />
    <value name="recentChangeInMAPassignedLanesIDsUsed" value="11" />
    <value name="noValidMAPisAvailableAtThisTime" value="12" />
    <value name="noValidSPATisAvailableAtThisTime" value="13" />
  </bit-string>
  <integer max="65535" min="0" name="DSRC.DSecond" />
  <sequence-of max="16" min="1" name="DSRC.EnabledLaneList">
    <field type="DSRC.LaneID" />
  </sequence-of>
  <integer max="255" min="0" name="DSRC.LaneID" />
  <sequence-of max="255" min="1" name="DSRC.MovementList">
    <field type="DSRC.MovementState" />
  </sequence-of>
  <sequence name="DSRC.MovementState">
    <field name="movementName" optional="true" type="DSRC.DescriptiveName" />
    <field name="signalGroup" type="DSRC.SignalGroupID" />
    <field name="state_time_speed" type="DSRC.MovementEventList" />
    <field name="maneuverAssistList" optional="true" type="DSRC.ManeuverAssistList" />
    <field name="regional" optional="true" type="DSRC.MovementState$regional" />
    <extension />
  </sequence>
  <integer max="255" min="0" name="DSRC.SignalGroupID" />
  <sequence-of max="16" min="1" name="DSRC.MovementEventList">
    <field type="DSRC.MovementEvent" />
  </sequence-of>
  <sequence name="DSRC.MovementEvent">
    <field name="eventState" type="DSRC.MovementPhaseState" />
    <field name="timing" optional="true" type="DSRC.TimeChangeDetails" />
    <field name="speeds" optional="true" type="DSRC.AdvisorySpeedList" />
    <field name="regional" optional="true" type="DSRC.MovementEvent$regional" />
    <extension />
  </sequence>
  <enumerated name="DSRC.MovementPhaseState">
    <value name="unavailable" value="0" />
    <value name="dark" value="1" />
    <value name="stop_Then_Proceed" value="2" />
    <value name="stop_And_Remain" value="3" />
    <value name="pre_Movement" value="4" />
    <value name="permissive_Movement_Allowed" value="5" />
    <value name="protected_Movement_Allowed" value="6" />
    <value name="permissive_clearance" value="7" />
    <value name="protected_clearance" value="8" />
    <value name="caution_Conflicting_Traffic" value="9" />
  </enumerated>
  <sequence name="DSRC.TimeChangeDetails">
    <field name="startTime" optional="true" type="DSRC.TimeMark" />
    <field name="minEndTime" type="DSRC.TimeMark" />
    <field name="maxEndTime" optional="true" type="DSRC.TimeMark" />
    <field name="likelyTime" optional="true" type="DSRC.TimeMark" />
    <field name="confidence" optional="true" type="DSRC.TimeIntervalConfidence" />
    <field name="nextTime" optional="true" type="DSRC.TimeMark" />
  </sequence>
  <integer max="36001" min="0" name="DSRC.TimeMark" />
  <integer max="15" min="0" name="DSRC.TimeIntervalConfidence" />
  <sequence-of max="16" min="1" name="DSRC.AdvisorySpeedList">
    <field type="DSRC.AdvisorySpeed" />
  </sequence-of>
  <sequence name="DSRC.AdvisorySpeed">
    <field name="type" type="DSRC.AdvisorySpeedType" />
    <field name="speed" optional="true" type="DSRC.SpeedAdvice" />
    <field name="confidence" optional="true" type="ITS_Container.SpeedConfidence" />
    <field name="distance" optional="true" type="DSRC.ZoneLength" />
    <field name="class" optional="true" type="DSRC.RestrictionClassID" />
    <field name="regional" optional="true" type="DSRC.AdvisorySpeed$regional" />
    <extension />
  </sequence>
  <enumerated name="DSRC.AdvisorySpeedType">
    <value name="none" value="0" />
    <value name="greenwave" value="1" />
    <value name="ecoDrive" value="2" />
    <value name="transit" value="3" />
    <extension />
  </enumerated>
  <integer max="500" min="0" name="DSRC.SpeedAdvice" />
  <integer max="127" min="1" name="ITS_Container.SpeedConfidence">
    <value name="equalOrWithinOneCentimeterPerSec" value="1" />
    <value name="equalOrWithinOneMeterPerSec" value="100" />
    <value name="outOfRange" value="126" />
    <value name="unavailable" value="127" />
  </integer>
  <integer max="10000" min="0" name="DSRC.ZoneLength" />
  <integer max="255" min="0" name="DSRC.RestrictionClassID" />
  <sequence-of max="4" min="1" name="DSRC.AdvisorySpeed$regional">
    <field type="DSRC.RegionalExtensionEmpty" />
  </sequence-of>
  <sequence name="DSRC.RegionalExtensionEmpty">
    <table-key name="regionId" table="Reg_Empty" />
    <table-val name="regExtValue"  col="Type" key="regionId" />
  </sequence>
  <table name="Reg_Empty" type="DSRC.RegionId">
    <col name="Type" />
  </table>
  <integer max="255" min="0" name="DSRC.RegionId">
    <value name="noRegion" value="0" />
    <value name="addGrpA" value="1" />
    <value name="addGrpB" value="2" />
    <value name="addGrpC" value="3" />
  </integer>
  <sequence-of max="4" min="1" name="DSRC.MovementEvent$regional">
    <field type="DSRC.RegionalExtensionEmpty" />
  </sequence-of>
  <sequence-of max="16" min="1" name="DSRC.ManeuverAssistList">
    <field type="DSRC.ConnectionManeuverAssist" />
  </sequence-of>
  <sequence name="DSRC.ConnectionManeuverAssist">
    <field name="connectionID" type="DSRC.LaneConnectionID" />
    <field name="queueLength" optional="true" type="DSRC.ZoneLength" />
    <field name="availableStorageLength" optional="true" type="DSRC.ZoneLength" />
    <field name="waitOnStop" optional="true" type="DSRC.WaitOnStopline" />
    <field name="pedBicycleDetect" optional="true" type="DSRC.PedestrianBicycleDetect" />
    <field name="regional" optional="true" type="DSRC.ConnectionManeuverAssist$regional" />
    <extension />
  </sequence>
  <integer max="255" min="0" name="DSRC.LaneConnectionID" />
  <boolean name="DSRC.WaitOnStopline" />
  <boolean name="DSRC.PedestrianBicycleDetect" />
  <sequence-of max="4" min="1" name="DSRC.ConnectionManeuverAssist$regional">
    <field type="DSRC.RegionalExtensionConnectionManeuverAssist" />
  </sequence-of>
  <sequence name="DSRC.RegionalExtensionConnectionManeuverAssist">
    <table-key name="regionId" table="Reg_ConnectionManeuverAssist" />
    <table-val name="regExtValue"  col="Type" key="regionId" />
  </sequence>
  <table name="Reg_ConnectionManeuverAssist" type="DSRC.RegionId">
    <col name="Type" />
    <row name="addGrpC" value="addGrpC">
      <col name="Type" type="AddGrpC.ConnectionManeuverAssist_addGrpC" />
    </row>
  </table>
  <sequence name="AddGrpC.ConnectionManeuverAssist_addGrpC">
    <field name="itsStationPositions" optional="true" type="AddGrpC.ItsStationPositionList" />
    <field name="rsuGNSSOffset" optional="true" type="DSRC.NodeOffsetPointXY" />
    <extension />
  </sequence>
  <sequence-of max="5" min="1" name="AddGrpC.ItsStationPositionList">
    <field type="AddGrpC.ItsStationPosition" />
  </sequence-of>
  <sequence name="AddGrpC.ItsStationPosition">
    <field name="stationID" type="ITS_Container.StationID" />
    <field name="laneID" optional="true" type="DSRC.LaneID" />
    <field name="nodeXY" optional="true" type="DSRC.NodeOffsetPointXY" />
    <field name="timeReference" optional="true" type="AddGrpC.TimeReference" />
    <extension />
  </sequence>
  <choice name="DSRC.NodeOffsetPointXY">
    <field name="node_XY1" type="DSRC.Node_XY_20b" />
    <field name="node_XY2" type="DSRC.Node_XY_22b" />
    <field name="node_XY3" type="DSRC.Node_XY_24b" />
    <field name="node_XY4" type="DSRC.Node_XY_26b" />
    <field name="node_XY5" type="DSRC.Node_XY_28b" />
    <field name="node_XY6" type="DSRC.Node_XY_32b" />
    <field name="node_LatLon" type="DSRC.Node_LLmD_64b" />
    <field name="regional" type="DSRC.RegionalExtensionEmpty" />
  </choice>
  <sequence name="DSRC.Node_XY_20b">
    <field name="x" type="DSRC.Offset_B10" />
    <field name="y" type="DSRC.Offset_B10" />
  </sequence>
  <integer max="511" min="-512" name="DSRC.Offset_B10" />
  <sequence name="DSRC.Node_XY_22b">
    <field name="x" type="DSRC.Offset_B11" />
    <field name="y" type="DSRC.Offset_B11" />
  </sequence>
  <integer max="1023" min="-1024" name="DSRC.Offset_B11" />
  <sequence name="DSRC.Node_XY_24b">
    <field name="x" type="DSRC.Offset_B12" />
    <field name="y" type="DSRC.Offset_B12" />
  </sequence>
  <integer max="2047" min="-2048" name="DSRC.Offset_B12" />
  <sequence name="DSRC.Node_XY_26b">
    <field name="x" type="DSRC.Offset_B13" />
    <field name="y" type="DSRC.Offset_B13" />
  </sequence>
  <integer max="4095" min="-4096" name="DSRC.Offset_B13" />
  <sequence name="DSRC.Node_XY_28b">
    <field name="x" type="DSRC.Offset_B14" />
    <field name="y" type="DSRC.Offset_B14" />
  </sequence>
  <integer max="8191" min="-8192" name="DSRC.Offset_B14" />
  <sequence name="DSRC.Node_XY_32b">
    <field name="x" type="DSRC.Offset_B16" />
    <field name="y" type="DSRC.Offset_B16" />
  </sequence>
  <integer max="32767" min="-32768" name="DSRC.Offset_B16" />
  <sequence name="DSRC.Node_LLmD_64b">
    <field name="lon" type="ITS_Container.Longitude" />
    <field name="lat" type="ITS_Container.Latitude" />
  </sequence>
  <integer max="1800000001" min="-1800000000" name="ITS_Container.Longitude">
    <!-- <value name="oneMicrodegreeEast" value="10" /> -->
    <!-- <value name="oneMicrodegreeWest" value="-10" /> -->
    <value name="unavailable" value="1800000001" />
    <format factor="0.0000001" unit="°" />
  </integer>
  <integer max="900000001" min="-900000000" name="ITS_Container.Latitude">
    <!-- <value name="oneMicrodegreeNorth" value="10" /> -->
    <!-- <value name="oneMicrodegreeSouth" value="-10" /> -->
    <value name="unavailable" value="900000001" />
    <format factor="0.0000001" unit="°" />
  </integer>
  <integer max="65535" min="0" name="AddGrpC.TimeReference">
    <value name="oneMilliSec" value="1" />
  </integer>
  <sequence-of max="4" min="1" name="DSRC.MovementState$regional">
    <field type="DSRC.RegionalExtensionEmpty" />
  </sequence-of>
  <sequence-of max="4" min="1" name="DSRC.IntersectionState$regional">
    <field type="DSRC.RegionalExtensionIntersectionState" />
  </sequence-of>
  <sequence name="DSRC.RegionalExtensionIntersectionState">
    <table-key name="regionId" table="Reg_IntersectionState" />
    <table-val name="regExtValue" col="Type" key="regionId" />
  </sequence>
  <table name="Reg_IntersectionState" type="DSRC.RegionId">
    <col name="Type" />
    <row name="addGrpC" value="addGrpC">
      <col name="Type" type="AddGrpC.IntersectionState_addGrpC" />
    </row>
  </table>
  <sequence name="AddGrpC.IntersectionState_addGrpC">
    <field name="activePrioritizations" optional="true" type="AddGrpC.PrioritizationResponseList" />
    <extension />
  </sequence>
  <sequence-of max="10" min="1" name="AddGrpC.PrioritizationResponseList">
    <field type="AddGrpC.PrioritizationResponse" />
  </sequence-of>
  <sequence name="AddGrpC.PrioritizationResponse">
    <field name="stationID" type="ITS_Container.StationID" />
    <field name="priorState" type="DSRC.PrioritizationResponseStatus" />
    <field name="signalGroup" type="DSRC.SignalGroupID" />
    <extension />
  </sequence>
  <enumerated name="DSRC.PrioritizationResponseStatus">
    <value name="unknown" value="0" />
    <value name="requested" value="1" />
    <value name="processing" value="2" />
    <value name="watchOtherTraffic" value="3" />
    <value name="granted" value="4" />
    <value name="rejected" value="5" />
    <value name="maxPresence" value="6" />
    <value name="reserviceLocked" value="7" />
    <extension />
  </enumerated>
  <sequence-of max="4" min="1" name="DSRC.SPAT$regional">
    <field type="DSRC.RegionalExtensionEmpty" />
  </sequence-of>
</module>
