﻿<?xml version="1.0" encoding="UTF-8" standalone="no"?>
<module asnv-version="1" entry-point="DENM" name="DENM" tags="automatic">
  <sequence name="ItsPduHeader">
    <field name="protocolVersion" type="$ItsPduHeader$protocolVersion" />
    <field name="messageID" type="$ItsPduHeader$messageID" />
    <field name="stationID" type="StationID" />
    <attributes>
      <general>
        <attribute name="GenMsgSendType" displayname="Send Type" value="Cyclic" type="enum" />
        <attribute name="GenMsgCycleTime" displayname="Cycle Time"  value="100" type="int32" />
        <attribute name="GenMsgCertificate" displayname="Certificate Name"  value="" type="string" />
        <attribute name="GenMsgCertificateSignerType" value="Certificate" type="enum" />
        <attribute name="GenMsgCertificateSendTimeMS" displayname="Certificate Sendtime [ms]"  value="1000" type="int32" />
        <attribute name="GenMsgCertificateMatching" displayname="Certificate Matching"  value="" type="string" />
        <attribute name="GenMsgCertificateChangeTimeM" displayname="Certificate Change Time [minute]" value="5" type="int32" />
      </general>
      <stack>
        <layer name="geo_bh">
          <attribute name="version" displayname="Version" value="1" type="int32" />
        </layer>
        <layer name="wssv3">
          <attribute name="psid" displayname="PS ID" value="32" type="int32" />
          <attribute name="generationTime" displayname="Generation Time" value="0" type="int64" />
        </layer>
        <layer name="geo_ch">
          <attribute name="nextHeader" displayname="Next Header" value="BTP-B" type="enum" />
          <attribute name="ht" displayname="Header Type" value="GeoBroadcast" type="enum" />
          <attribute name="hst" displayname="Header Subtype" value="0" type="int32" />
        </layer>
        <layer name="geo_eh">
        </layer>
      </stack>
    </attributes>
  </sequence>
  <integer max="255" min="0" name="$ItsPduHeader$protocolVersion"/>
  <integer max="255" min="0" name="$ItsPduHeader$messageID">
    <value name="denm" value="1" />
    <value name="cam" value="2" />
    <value name="poi" value="3" />
    <value name="spat" value="4" />
    <value name="map" value="5" />
    <value name="ivi" value="6" />
    <value name="ev_rsr" value="7" />
    <value name="tistpgtransaction" value="8" />
    <value name="srem" value="9" />
    <value name="ssem" value="10" />
    <value name="evcsn" value="11" />
    <value name="saem" value="12" />
    <value name="rtcmem" value="13" />
  </integer>
  <integer max="4294967295" min="0" name="StationID" />
  <sequence name="ReferencePosition">
    <field name="latitude" type="Latitude" />
    <field name="longitude" type="Longitude" />
    <field name="positionConfidenceEllipse" type="PosConfidenceEllipse" />
    <field name="altitude" type="Altitude" />
  </sequence>
  <integer max="900000001" min="-900000000" name="Latitude">
    <!-- <value name="oneMicrodegreeNorth" value="10"/> -->
    <!-- <value name="oneMicrodegreeSouth" value="-10"/> -->
    <value name="unavailable" value="900000001" />
    <format factor="0.0000001" unit="°" />
  </integer>
  <integer max="1800000001" min="-1800000000" name="Longitude">
    <!-- <value name="oneMicrodegreeEast" value="10"/> -->
    <!-- <value name="oneMicrodegreeWest" value="-10"/> -->
    <value name="unavailable" value="1800000001" />
    <format factor="0.0000001" unit="°" />
  </integer>
  <sequence name="PosConfidenceEllipse">
    <field name="semiMajorConfidence" type="SemiAxisLength" />
    <field name="semiMinorConfidence" type="SemiAxisLength" />
    <field name="semiMajorOrientation" type="HeadingValue" />
  </sequence>
  <integer max="4095" min="0" name="SemiAxisLength">
    <!-- <value name="oneCentimeter" value="1"/> -->
    <value name="outOfRange" value="4094" />
    <value name="unavailable" value="4095" />
    <format factor="1" unit="cm" />
  </integer>
  <integer max="3601" min="0" name="HeadingValue">
    <!-- <value name="wgs84North" value="0"/> -->
    <!-- <value name="wgs84East" value="900"/> -->
    <!-- <value name="wgs84South" value="1800"/> -->
    <!-- <value name="wgs84West" value="2700"/> -->
    <value name="unavailable" value="3601" />
    <format factor="0.1" unit="°" />
  </integer>
  <sequence name="Altitude">
    <field name="altitudeValue" type="AltitudeValue" />
    <field name="altitudeConfidence" type="AltitudeConfidence" />
  </sequence>
  <integer max="800001" min="-100000" name="AltitudeValue">
    <!-- <value name="referenceEllipsoidSurface" value="0"/> -->
    <!-- <value name="oneCentimeter" value="1"/> -->
    <value name="unavailable" value="800001" />
    <format factor="0.01" unit="m" />
  </integer>
  <enumerated name="AltitudeConfidence">
    <value name="alt_000_01" value="0" />
    <value name="alt_000_02" value="1" />
    <value name="alt_000_05" value="2" />
    <value name="alt_000_10" value="3" />
    <value name="alt_000_20" value="4" />
    <value name="alt_000_50" value="5" />
    <value name="alt_001_00" value="6" />
    <value name="alt_002_00" value="7" />
    <value name="alt_005_00" value="8" />
    <value name="alt_010_00" value="9" />
    <value name="alt_020_00" value="10" />
    <value name="alt_050_00" value="11" />
    <value name="alt_100_00" value="12" />
    <value name="alt_200_00" value="13" />
    <value name="outOfRange" value="14" />
    <value name="unavailable" value="15" />
  </enumerated>
  <sequence name="DeltaReferencePosition">
    <field name="deltaLatitude" type="DeltaLatitude" />
    <field name="deltaLongitude" type="DeltaLongitude" />
    <field name="deltaAltitude" type="DeltaAltitude" />
  </sequence>
  <integer max="131072" min="-131071" name="DeltaLatitude">
    <!-- <value name="oneMicrodegreeNorth" value="10"/> -->
    <!-- <value name="oneMicrodegreeSouth" value="-10"/> -->
    <value name="unavailable" value="131072" />
    <format factor="0.0000001" unit="°" />
  </integer>
  <integer max="131072" min="-131071" name="DeltaLongitude">
    <!-- <value name="oneMicrodegreeEast" value="10"/> -->
    <!-- <value name="oneMicrodegreeWest" value="-10"/> -->
    <value name="unavailable" value="131072" />
    <format factor="0.0000001" unit="°" />
  </integer>
  <integer max="12800" min="-12700" name="DeltaAltitude">
    <!-- <value name="oneCentimeterUp" value="1"/> -->
    <!-- <value name="oneCentimeterDown" value="-1"/> -->
    <value name="unavailable" value="12800" />
    <format factor="0.01" unit="m" />
  </integer>
  <sequence name="PathPoint">
    <field name="pathPosition" type="DeltaReferencePosition" />
    <field name="pathDeltaTime" optional="true" type="PathDeltaTime" />
  </sequence>
  <integer extension="true" max="65535" min="1" name="PathDeltaTime">
    <!-- <value name="tenMilliSecondsInPast" value="1"/> -->
    <format factor="0.01" unit="s" />
  </integer>
  <sequence name="PtActivation">
    <field name="ptActivationType" type="PtActivationType" />
    <field name="ptActivationData" type="PtActivationData" />
  </sequence>
  <integer max="255" min="0" name="PtActivationType">
    <value name="undefinedCodingType" value="0" />
    <value name="r09_16CodingType" value="1" />
    <value name="vdv_50149CodingType" value="2" />
  </integer>
  <octet-string max="20" min="1" name="PtActivationData" />
  <bit-string max="7" min="7" name="AccelerationControl">
    <value name="brakePedalEngaged" value="0" />
    <value name="gasPedalEngaged" value="1" />
    <value name="emergencyBrakeEngaged" value="2" />
    <value name="collisionWarningEngaged" value="3" />
    <value name="accEngaged" value="4" />
    <value name="cruiseControlEngaged" value="5" />
    <value name="speedLimiterEngaged" value="6" />
  </bit-string>
  <sequence name="CauseCode">
    <field name="causeCode" type="CauseCodeType" />
    <field name="subCauseCode" type="SubCauseCodeType" />
    <extension />
  </sequence>
  <integer max="255" min="0" name="CauseCodeType">
    <value name="reserved" value="0" />
    <value name="trafficCondition" value="1" />
    <value name="accident" value="2" />
    <value name="roadworks" value="3" />
    <value name="impassability" value="5" />
    <value name="adverseWeatherCondition_Adhesion" value="6" />
    <value name="aquaplannning" value="7" />
    <value name="hazardousLocation_SurfaceCondition" value="9" />
    <value name="hazardousLocation_ObstacleOnTheRoad" value="10" />
    <value name="hazardousLocation_AnimalOnTheRoad" value="11" />
    <value name="humanPresenceOnTheRoad" value="12" />
    <value name="wrongWayDriving" value="14" />
    <value name="rescueAndRecoveryWorkInProgress" value="15" />
    <value name="adverseWeatherCondition_ExtremeWeatherCondition" value="17" />
    <value name="adverseWeatherCondition_Visibility" value="18" />
    <value name="adverseWeatherCondition_Precipitation" value="19" />
    <value name="slowVehicle" value="26" />
    <value name="dangerousEndOfQueue" value="27" />
    <value name="vehicleBreakdown" value="91" />
    <value name="postCrash" value="92" />
    <value name="humanProblem" value="93" />
    <value name="stationaryVehicle" value="94" />
    <value name="emergencyVehicleApproaching" value="95" />
    <value name="hazardousLocation_DangerousCurve" value="96" />
    <value name="collisionRisk" value="97" />
    <value name="signalViolation" value="98" />
    <value name="dangerousSituation" value="99" />
  </integer>
  <integer max="255" min="0" name="SubCauseCodeType" />
  <integer max="255" min="0" name="TrafficConditionSubCauseCode">
    <value name="unavailable" value="0" />
    <value name="increasedVolumeOfTraffic" value="1" />
    <value name="trafficJamSlowlyIncreasing" value="2" />
    <value name="trafficJamIncreasing" value="3" />
    <value name="trafficJamStronglyIncreasing" value="4" />
    <value name="trafficStationary" value="5" />
    <value name="trafficJamSlightlyDecreasing" value="6" />
    <value name="trafficJamDecreasing" value="7" />
    <value name="trafficJamStronglyDecreasing" value="8" />
  </integer>
  <integer max="255" min="0" name="AccidentSubCauseCode">
    <value name="unavailable" value="0" />
    <value name="multiVehicleAccident" value="1" />
    <value name="heavyAccident" value="2" />
    <value name="accidentInvolvingLorry" value="3" />
    <value name="accidentInvolvingBus" value="4" />
    <value name="accidentInvolvingHazardousMaterials" value="5" />
    <value name="accidentOnOppositeLane" value="6" />
    <value name="unsecuredAccident" value="7" />
    <value name="assistanceRequested" value="8" />
  </integer>
  <integer max="255" min="0" name="RoadworksSubCauseCode">
    <value name="unavailable" value="0" />
    <value name="majorRoadworks" value="1" />
    <value name="roadMarkingWork" value="2" />
    <value name="slowMovingRoadMaintenance" value="3" />
    <value name="shortTermStationaryRoadworks" value="4" />
    <value name="streetCleaning" value="5" />
    <value name="winterService" value="6" />
  </integer>
  <integer max="255" min="0" name="HumanPresenceOnTheRoadSubCauseCode">
    <value name="unavailable" value="0" />
    <value name="childrenOnRoadway" value="1" />
    <value name="cyclistOnRoadway" value="2" />
    <value name="motorcyclistOnRoadway" value="3" />
  </integer>
  <integer max="255" min="0" name="WrongWayDrivingSubCauseCode">
    <value name="unavailable" value="0" />
    <value name="wrongLane" value="1" />
    <value name="wrongDirection" value="2" />
  </integer>
  <integer max="255" min="0" name="AdverseWeatherCondition_ExtremeWeatherConditionSubCauseCode">
    <value name="unavailable" value="0" />
    <value name="strongWinds" value="1" />
    <value name="damagingHail" value="2" />
    <value name="hurricane" value="3" />
    <value name="thunderstorm" value="4" />
    <value name="tornado" value="5" />
    <value name="blizzard" value="6" />
  </integer>
  <integer max="255" min="0" name="AdverseWeatherCondition_AdhesionSubCauseCode">
    <value name="unavailable" value="0" />
    <value name="heavyFrostOnRoad" value="1" />
    <value name="fuelOnRoad" value="2" />
    <value name="mudOnRoad" value="3" />
    <value name="snowOnRoad" value="4" />
    <value name="iceOnRoad" value="5" />
    <value name="blackIceOnRoad" value="6" />
    <value name="oilOnRoad" value="7" />
    <value name="looseChippings" value="8" />
    <value name="instantBlackIce" value="9" />
    <value name="roadsSalted" value="10" />
  </integer>
  <integer max="255" min="0" name="AdverseWeatherCondition_VisibilitySubCauseCode">
    <value name="unavailable" value="0" />
    <value name="fog" value="1" />
    <value name="smoke" value="2" />
    <value name="heavySnowfall" value="3" />
    <value name="heavyRain" value="4" />
    <value name="heavyHail" value="5" />
    <value name="lowSunGlare" value="6" />
    <value name="sandstorms" value="7" />
    <value name="swarmsOfInsects" value="8" />
  </integer>
  <integer max="255" min="0" name="AdverseWeatherCondition_PrecipitationSubCauseCode">
    <value name="unavailable" value="0" />
    <value name="heavyRain" value="1" />
    <value name="heavySnowfall" value="2" />
    <value name="softHail" value="3" />
  </integer>
  <integer max="255" min="0" name="SlowVehicleSubCauseCode">
    <value name="unavailable" value="0" />
    <value name="maintenanceVehicle" value="1" />
    <value name="vehiclesSlowingToLookAtAccident" value="2" />
    <value name="abnormalLoad" value="3" />
    <value name="abnormalWideLoad" value="4" />
    <value name="convoy" value="5" />
    <value name="snowplough" value="6" />
    <value name="deicing" value="7" />
    <value name="saltingVehicles" value="8" />
  </integer>
  <integer max="255" min="0" name="StationaryVehicleSubCauseCode">
    <value name="unavailable" value="0" />
    <value name="humanProblem" value="1" />
    <value name="vehicleBreakdown" value="2" />
    <value name="postCrash" value="3" />
    <value name="publicTransportStop" value="4" />
    <value name="carryingDangerousGoods" value="5" />
  </integer>
  <integer max="255" min="0" name="HumanProblemSubCauseCode">
    <value name="unavailable" value="0" />
    <value name="glycemiaProblem" value="1" />
    <value name="heartProblem" value="2" />
  </integer>
  <integer max="255" min="0" name="EmergencyVehicleApproachingSubCauseCode">
    <value name="unavailable" value="0" />
    <value name="emergencyVehicleApproaching" value="1" />
    <value name="prioritizedVehicleApproaching" value="2" />
  </integer>
  <integer max="255" min="0" name="HazardousLocation_DangerousCurveSubCauseCode">
    <value name="unavailable" value="0" />
    <value name="dangerousLeftTurnCurve" value="1" />
    <value name="dangerousRightTurnCurve" value="2" />
    <value name="multipleCurvesStartingWithUnknownTurningDirection" value="3" />
    <value name="multipleCurvesStartingWithLeftTurn" value="4" />
    <value name="multipleCurvesStartingWithRightTurn" value="5" />
  </integer>
  <integer max="255" min="0" name="HazardousLocation_SurfaceConditionSubCauseCode">
    <value name="unavailable" value="0" />
    <value name="rockfalls" value="1" />
    <value name="earthquakeDamage" value="2" />
    <value name="sewerCollapse" value="3" />
    <value name="subsidence" value="4" />
    <value name="snowDrifts" value="5" />
    <value name="stormDamage" value="6" />
    <value name="burstPipe" value="7" />
    <value name="volcanoEruption" value="8" />
    <value name="fallingIce" value="9" />
  </integer>
  <integer max="255" min="0" name="HazardousLocation_ObstacleOnTheRoadSubCauseCode">
    <value name="unavailable" value="0" />
    <value name="shedLoad" value="1" />
    <value name="partsOfVehicles" value="2" />
    <value name="partsOfTyres" value="3" />
    <value name="bigObjects" value="4" />
    <value name="fallenTrees" value="5" />
    <value name="hubCaps" value="6" />
    <value name="waitingVehicles" value="7" />
  </integer>
  <integer max="255" min="0" name="HazardousLocation_AnimalOnTheRoadSubCauseCode">
    <value name="unavailable" value="0" />
    <value name="wildAnimals" value="1" />
    <value name="herdOfAnimals" value="2" />
    <value name="smallAnimals" value="3" />
    <value name="largeAnimals" value="4" />
  </integer>
  <integer max="255" min="0" name="CollisionRiskSubCauseCode">
    <value name="unavailable" value="0" />
    <value name="longitudinalCollisionRisk" value="1" />
    <value name="crossingCollisionRisk" value="2" />
    <value name="lateralCollisionRisk" value="3" />
    <value name="vulnerableRoadUser" value="4" />
  </integer>
  <integer max="255" min="0" name="SignalViolationSubCauseCode">
    <value name="unavailable" value="0" />
    <value name="stopSignViolation" value="1" />
    <value name="trafficLightViolation" value="2" />
    <value name="turningRegulationViolation" value="3" />
  </integer>
  <integer max="255" min="0" name="RescueAndRecoveryWorkInProgressSubCauseCode">
    <value name="unavailable" value="0" />
    <value name="emergencyVehicles" value="1" />
    <value name="rescueHelicopterLanding" value="2" />
    <value name="policeActivityOngoing" value="3" />
    <value name="medicalEmergencyOngoing" value="4" />
    <value name="childAbductionInProgress" value="5" />
  </integer>
  <integer max="255" min="0" name="DangerousEndOfQueueSubCauseCode">
    <value name="unavailable" value="0" />
    <value name="suddenEndOfQueue" value="1" />
    <value name="queueOverHill" value="2" />
    <value name="queueAroundBend" value="3" />
    <value name="queueInTunnel" value="4" />
  </integer>
  <integer max="255" min="0" name="DangerousSituationSubCauseCode">
    <value name="unavailable" value="0" />
    <value name="emergencyElectronicBrakeEngaged" value="1" />
    <value name="preCrashSystemEngaged" value="2" />
    <value name="espEngaged" value="3" />
    <value name="absEngaged" value="4" />
    <value name="aebEngaged" value="5" />
    <value name="brakeWarningEngaged" value="6" />
    <value name="collisionRiskWarningEngaged" value="7" />
  </integer>
  <integer max="255" min="0" name="VehicleBreakdownSubCauseCode">
    <value name="unavailable" value="0" />
    <value name="lackOfFuel" value="1" />
    <value name="lackOfBatteryPower" value="2" />
    <value name="engineProblem" value="3" />
    <value name="transmissionProblem" value="4" />
    <value name="engineCoolingProblem" value="5" />
    <value name="brakingSystemProblem" value="6" />
    <value name="steeringProblem" value="7" />
    <value name="tyrePuncture" value="8" />
    <value name="tyrePressureProblem" value="9" />
  </integer>
  <integer max="255" min="0" name="PostCrashSubCauseCode">
    <value name="unavailable" value="0" />
    <value name="accidentWithoutECallTriggered" value="1" />
    <value name="accidentWithECallManuallyTriggered" value="2" />
    <value name="accidentWithECallAutomaticallyTriggered" value="3" />
    <value name="accidentWithECallTriggeredWithoutAccessToCellularNetwork" value="4" />
  </integer>
  <sequence name="Curvature">
    <field name="curvatureValue" type="CurvatureValue" />
    <field name="curvatureConfidence" type="CurvatureConfidence" />
  </sequence>
  <integer max="1023" min="-1023" name="CurvatureValue">
    <value name="straight" value="0" />
    <value name="unavailable" value="1023" />
  </integer>
  <enumerated name="CurvatureConfidence">
    <value name="onePerMeter_0_00002" value="0" />
    <value name="onePerMeter_0_0001" value="1" />
    <value name="onePerMeter_0_0005" value="2" />
    <value name="onePerMeter_0_002" value="3" />
    <value name="onePerMeter_0_01" value="4" />
    <value name="onePerMeter_0_1" value="5" />
    <value name="outOfRange" value="6" />
    <value name="unavailable" value="7" />
  </enumerated>
  <enumerated name="CurvatureCalculationMode">
    <value name="yawRateUsed" value="0" />
    <value name="yawRateNotUsed" value="1" />
    <value name="unavailable" value="2" />
    <extension />
  </enumerated>
  <sequence name="Heading">
    <field name="headingValue" type="HeadingValue" />
    <field name="headingConfidence" type="HeadingConfidence" />
  </sequence>
  <integer max="127" min="1" name="HeadingConfidence">
    <!-- <value name="equalOrWithinZeroPointOneDegree" value="1"/> -->
    <!-- <value name="equalOrWithinOneDegree" value="10"/> -->
    <value name="outOfRange" value="126" />
    <value name="unavailable" value="127" />
    <format factor="0.1" unit="°" />
  </integer>
  <integer max="14" min="-1" name="LanePosition">
    <value name="offTheRoad" value="-1" />
    <value name="hardShoulder" value="0" />
    <value name="outermostDrivingLane" value="1" />
    <value name="secondLaneFromOutside" value="2" />
  </integer>
  <sequence name="ClosedLanes">
    <field name="innerhardShoulderStatus" optional="true" type="HardShoulderStatus" />
    <field name="outerhardShoulderStatus" optional="true" type="HardShoulderStatus" />
    <field name="drivingLaneStatus" optional="true" type="DrivingLaneStatus" />
    <extension />
  </sequence>
  <enumerated name="HardShoulderStatus">
    <value name="availableForStopping" value="0" />
    <value name="closed" value="1" />
    <value name="availableForDriving" value="2" />
  </enumerated>
  <bit-string max="13" min="1" name="DrivingLaneStatus"/>
  <integer max="7" min="0" name="PerformanceClass">
    <value name="unavailable" value="0" />
    <value name="performanceClassA" value="1" />
    <value name="performanceClassB" value="2" />
  </integer>
  <integer max="16383" min="0" name="SpeedValue">
    <!-- <value name="standstill" value="0"/> -->
    <!-- <value name="oneCentimeterPerSec" value="1"/> -->
    <value name="unavailable" value="16383" />
    <format factor="0.01" unit="m/s" />
  </integer>
  <integer max="127" min="1" name="SpeedConfidence">
    <!-- <value name="equalOrWithinOneCentimeterPerSec" value="1"/> -->
    <!-- <value name="equalOrWithinOneMeterPerSec" value="100"/> -->
    <value name="outOfRange" value="126" />
    <value name="unavailable" value="127" />
    <format factor="0.01" unit="m/s" />
  </integer>
  <integer max="1024" min="1" name="VehicleMass">
    <!-- <value name="hundredKg" value="1"/> -->
    <value name="unavailable" value="1024" />
    <format factor="100" unit="kg" />
  </integer>
  <sequence name="Speed">
    <field name="speedValue" type="SpeedValue" />
    <field name="speedConfidence" type="SpeedConfidence" />
  </sequence>
  <enumerated name="DriveDirection">
    <value name="forward" value="0" />
    <value name="backward" value="1" />
    <value name="unavailable" value="2" />
  </enumerated>
  <boolean name="EmbarkationStatus" />
  <sequence name="LongitudinalAcceleration">
    <field name="longitudinalAccelerationValue" type="LongitudinalAccelerationValue" />
    <field name="longitudinalAccelerationConfidence" type="AccelerationConfidence" />
  </sequence>
  <integer max="161" min="-160" name="LongitudinalAccelerationValue">
    <!-- <value name="pointOneMeterPerSecSquaredForward" value="1"/> -->
    <!-- <value name="pointOneMeterPerSecSquaredBackward" value="-1"/> -->
    <value name="unavailable" value="161" />
    <format factor="0.1" unit="m/s²" />
  </integer>
  <integer max="102" min="0" name="AccelerationConfidence">
    <!-- <value name="pointOneMeterPerSecSquared" value="1"/> -->
    <value name="outOfRange" value="101" />
    <value name="unavailable" value="102" />
    <format factor="0.1" unit="m/s²" />
  </integer>
  <sequence name="LateralAcceleration">
    <field name="lateralAccelerationValue" type="LateralAccelerationValue" />
    <field name="lateralAccelerationConfidence" type="AccelerationConfidence" />
  </sequence>
  <integer max="161" min="-160" name="LateralAccelerationValue">
    <!-- <value name="pointOneMeterPerSecSquaredToRight" value="-1"/> -->
    <!-- <value name="pointOneMeterPerSecSquaredToLeft" value="1"/> -->
    <value name="unavailable" value="161" />
    <format factor="0.1" unit="m/s²" />
  </integer>
  <sequence name="VerticalAcceleration">
    <field name="verticalAccelerationValue" type="VerticalAccelerationValue" />
    <field name="verticalAccelerationConfidence" type="AccelerationConfidence" />
  </sequence>
  <integer max="161" min="-160" name="VerticalAccelerationValue">
    <!-- <value name="pointOneMeterPerSecSquaredUp" value="1"/> -->
    <!-- <value name="pointOneMeterPerSecSquaredDown" value="-1"/> -->
    <value name="unavailable" value="161" />
    <format factor="0.1" unit="m/s²" />
  </integer>
  <integer max="255" min="0" name="StationType">
    <value name="unknown" value="0" />
    <value name="pedestrian" value="1" />
    <value name="cyclist" value="2" />
    <value name="moped" value="3" />
    <value name="motorcycle" value="4" />
    <value name="passengerCar" value="5" />
    <value name="bus" value="6" />
    <value name="lightTruck" value="7" />
    <value name="heavyTruck" value="8" />
    <value name="trailer" value="9" />
    <value name="specialVehicles" value="10" />
    <value name="tram" value="11" />
    <value name="roadSideUnit" value="15" />
  </integer>
  <bit-string max="8" min="8" name="ExteriorLights">
    <value name="lowBeamHeadlightsOn" value="0" />
    <value name="highBeamHeadlightsOn" value="1" />
    <value name="leftTurnSignalOn" value="2" />
    <value name="rightTurnSignalOn" value="3" />
    <value name="daytimeRunningLightsOn" value="4" />
    <value name="reverseLightOn" value="5" />
    <value name="fogLightOn" value="6" />
    <value name="parkingLightsOn" value="7" />
  </bit-string>
  <enumerated name="DangerousGoodsBasic">
    <value name="explosives1" value="0" />
    <value name="explosives2" value="1" />
    <value name="explosives3" value="2" />
    <value name="explosives4" value="3" />
    <value name="explosives5" value="4" />
    <value name="explosives6" value="5" />
    <value name="flammableGases" value="6" />
    <value name="nonFlammableGases" value="7" />
    <value name="toxicGases" value="8" />
    <value name="flammableLiquids" value="9" />
    <value name="flammableSolids" value="10" />
    <value name="substancesLiableToSpontaneousCombustion" value="11" />
    <value name="substancesEmittingFlammableGasesUponContactWithWater" value="12" />
    <value name="oxidizingSubstances" value="13" />
    <value name="organicPeroxides" value="14" />
    <value name="toxicSubstances" value="15" />
    <value name="infectiousSubstances" value="16" />
    <value name="radioactiveMaterial" value="17" />
    <value name="corrosiveSubstances" value="18" />
    <value name="miscellaneousDangerousSubstances" value="19" />
  </enumerated>
  <sequence name="DangerousGoodsExtended">
    <field name="dangerousGoodsType" type="DangerousGoodsBasic" />
    <field name="unNumber" type="$DangerousGoodsExtended$unNumber" />
    <field name="elevatedTemperature" type="$DangerousGoodsExtended$elevatedTemperature" />
    <field name="tunnelsRestricted" type="$DangerousGoodsExtended$tunnelsRestricted" />
    <field name="limitedQuantity" type="$DangerousGoodsExtended$limitedQuantity" />
    <field name="emergencyActionCode" optional="true" type="$DangerousGoodsExtended$emergencyActionCode" />
    <field name="phoneNumber" optional="true" type="$DangerousGoodsExtended$phoneNumber" />
    <field name="companyName" optional="true" type="$DangerousGoodsExtended$companyName" />
    <extension />
  </sequence>
  <integer max="9999" min="0" name="$DangerousGoodsExtended$unNumber" />
  <boolean name="$DangerousGoodsExtended$elevatedTemperature" />
  <boolean name="$DangerousGoodsExtended$tunnelsRestricted" />
  <boolean name="$DangerousGoodsExtended$limitedQuantity" />
  <ia5-string max="24" min="1" name="$DangerousGoodsExtended$emergencyActionCode" />
  <numeric-string max="16" min="1" name="$DangerousGoodsExtended$phoneNumber" />
  <utf8-string max="24" min="1" name="$DangerousGoodsExtended$companyName" />
  <bit-string max="4" min="4" name="SpecialTransportType">
    <value name="heavyLoad" value="0" />
    <value name="excessWidth" value="1" />
    <value name="excessLength" value="2" />
    <value name="excessHeight" value="3" />
  </bit-string>
  <bit-string max="2" min="2" name="LightBarSirenInUse">
    <value name="lightBarActivated" value="0" />
    <value name="sirenActivated" value="1" />
  </bit-string>
  <integer max="100" min="1" name="HeightLonCarr">
    <!-- <value name="oneCentimeter" value="1"/> -->
    <value name="unavailable" value="100" />
    <format factor="1" unit="cm" />
  </integer>
  <integer max="127" min="1" name="PosLonCarr">
    <!-- <value name="oneCentimeter" value="1"/> -->
    <value name="unavailable" value="127" />
    <format factor="0.01" unit="m" />
  </integer>
  <integer max="30" min="1" name="PosPillar">
    <!-- <value name="tenCentimeters" value="1"/> -->
    <value name="unavailable" value="30" />
    <format factor="0.1" unit="m" />
  </integer>
  <integer max="63" min="1" name="PosCentMass">
    <!-- <value name="tenCentimeters" value="1"/> -->
    <value name="unavailable" value="63" />
    <format factor="0.1" unit="m" />
  </integer>
  <enumerated name="RequestResponseIndication">
    <value name="request" value="0" />
    <value name="response" value="1" />
  </enumerated>
  <integer max="255" min="1" name="SpeedLimit">
    <!--  <value name="oneKmPerHour" value="1"/> -->
    <format factor="1" unit="km/h" />
  </integer>
  <enumerated name="StationarySince">
    <value name="lessThan1Minute" value="0" />
    <value name="lessThan2Minutes" value="1" />
    <value name="lessThan15Minutes" value="2" />
    <value name="equalOrGreater15Minutes" value="3" />
  </enumerated>
  <integer max="67" min="-60" name="Temperature">
    <value name="equalOrSmallerThanMinus60Deg" value="-60" />
    <value name="oneDegreeCelsius" value="1" />
    <value name="equalOrGreaterThan67Deg" value="67" />
    <format factor="1" unit="°C" />
  </integer>
  <enumerated name="TrafficRule">
    <value name="noPassing" value="0" />
    <value name="noPassingForTrucks" value="1" />
    <value name="passToRight" value="2" />
    <value name="passToLeft" value="3" />
    <extension />
  </enumerated>
  <integer max="127" min="1" name="WheelBaseVehicle">
    <!-- <value name="tenCentimeters" value="1"/> -->
    <value name="unavailable" value="127" />
    <format factor="0.1" unit="m" />
  </integer>
  <integer max="255" min="1" name="TurningRadius">
    <!-- <value name="point4Meters" value="1"/> -->
    <value name="unavailable" value="255" />
    <format factor="0.4" unit="m" />
  </integer>
  <integer max="20" min="1" name="PosFrontAx">
    <!-- <value name="tenCentimeters" value="1"/> -->
    <value name="unavailable" value="20" />
    <format factor="0.1" unit="m" />
  </integer>
  <bit-string max="20" min="20" name="PositionOfOccupants">
    <value name="row1LeftOccupied" value="0" />
    <value name="row1RightOccupied" value="1" />
    <value name="row1MidOccupied" value="2" />
    <value name="row1NotDetectable" value="3" />
    <value name="row1NotPresent" value="4" />
    <value name="row2LeftOccupied" value="5" />
    <value name="row2RightOccupied" value="6" />
    <value name="row2MidOccupied" value="7" />
    <value name="row2NotDetectable" value="8" />
    <value name="row2NotPresent" value="9" />
    <value name="row3LeftOccupied" value="10" />
    <value name="row3RightOccupied" value="11" />
    <value name="row3MidOccupied" value="12" />
    <value name="row3NotDetectable" value="13" />
    <value name="row3NotPresent" value="14" />
    <value name="row4LeftOccupied" value="15" />
    <value name="row4RightOccupied" value="16" />
    <value name="row4MidOccupied" value="17" />
    <value name="row4NotDetectable" value="18" />
    <value name="row4NotPresent" value="19" />
  </bit-string>
  <enumerated name="PositioningSolutionType">
    <value name="noPositioningSolution" value="0" />
    <value name="sGNSS" value="1" />
    <value name="dGNSS" value="2" />
    <value name="sGNSSplusDR" value="3" />
    <value name="dGNSSplusDR" value="4" />
    <value name="dR" value="5" />
    <extension />
  </enumerated>
  <sequence name="VehicleIdentification">
    <field name="wMInumber" optional="true" type="WMInumber" />
    <field name="vDS" optional="true" type="VDS" />
    <extension />
  </sequence>
  <ia5-string max="3" min="1" name="WMInumber" />
  <ia5-string max="6" min="6" name="VDS" />
  <bit-string max="7" min="7" name="EnergyStorageType">
    <value name="hydrogenStorage" value="0" />
    <value name="electricEnergyStorage" value="1" />
    <value name="liquidPropaneGas" value="2" />
    <value name="compressedNaturalGas" value="3" />
    <value name="diesel" value="4" />
    <value name="gasoline" value="5" />
    <value name="ammonia" value="6" />
  </bit-string>
  <sequence name="VehicleLength">
    <field name="vehicleLengthValue" type="VehicleLengthValue" />
    <field name="vehicleLengthConfidenceIndication" type="VehicleLengthConfidenceIndication" />
  </sequence>
  <integer max="1023" min="1" name="VehicleLengthValue">
    <!-- <value name="tenCentimeters" value="1"/> -->
    <value name="outOfRange" value="1022" />
    <value name="unavailable" value="1023" />
    <format factor="0.1" unit="m" />
  </integer>
  <enumerated name="VehicleLengthConfidenceIndication">
    <value name="noTrailerPresent" value="0" />
    <value name="trailerPresentWithKnownLength" value="1" />
    <value name="trailerPresentWithUnknownLength" value="2" />
    <value name="trailerPresenceIsUnknown" value="3" />
    <value name="unavailable" value="4" />
  </enumerated>
  <integer max="62" min="1" name="VehicleWidth">
    <!-- <value name="tenCentimeters" value="1"/> -->
    <value name="outOfRange" value="61" />
    <value name="unavailable" value="62" />
    <format factor="0.1" unit="m" />
  </integer>
  <sequence-of max="40" min="0" name="PathHistory">
    <field type="PathPoint" />
  </sequence-of>
  <bit-string max="2" min="2" name="EmergencyPriority">
    <value name="requestForRightOfWay" value="0" />
    <value name="requestForFreeCrossingAtATrafficLight" value="1" />
  </bit-string>
  <integer max="7" min="0" name="InformationQuality">
    <value name="unavailable" value="0" />
    <value name="lowest" value="1" />
    <value name="highest" value="7" />
  </integer>
  <enumerated name="RoadType">
    <value name="urban_NoStructuralSeparationToOppositeLanes" value="0" />
    <value name="urban_WithStructuralSeparationToOppositeLanes" value="1" />
    <value name="nonUrban_NoStructuralSeparationToOppositeLanes" value="2" />
    <value name="nonUrban_WithStructuralSeparationToOppositeLanes" value="3" />
  </enumerated>
  <sequence name="SteeringWheelAngle">
    <field name="steeringWheelAngleValue" type="SteeringWheelAngleValue" />
    <field name="steeringWheelAngleConfidence" type="SteeringWheelAngleConfidence" />
  </sequence>
  <integer max="512" min="-511" name="SteeringWheelAngleValue">
    <!-- <value name="straight" value="0"/> -->
    <!-- <value name="onePointFiveDegreesToRight" value="-1"/> -->
    <!-- <value name="onePointFiveDegreesToLeft" value="1"/> -->
    <value name="unavailable" value="512" />
    <format factor="1.5" unit="°" />
  </integer>
  <integer max="127" min="1" name="SteeringWheelAngleConfidence">
    <!-- <value name="equalOrWithinOnePointFiveDegree" value="1"/> -->
    <value name="outOfRange" value="126" />
    <value name="unavailable" value="127" />
    <format factor="1.5" unit="°" />
  </integer>
  <integer max="4398046511103" min="0" name="TimestampIts">
    <!-- <value name="utcStartOf2004" value="0"/> -->
    <!-- <value name="oneMillisecAfterUTCStartOf2004" value="1"/> -->
    <format unit="ms since 01.01.2004 UTC" />
  </integer>
  <enumerated name="VehicleRole">
    <value name="default" value="0" />
    <value name="publicTransport" value="1" />
    <value name="specialTransport" value="2" />
    <value name="dangerousGoods" value="3" />
    <value name="roadWork" value="4" />
    <value name="rescue" value="5" />
    <value name="emergency" value="6" />
    <value name="safetyCar" value="7" />
    <value name="agriculture" value="8" />
    <value name="commercial" value="9" />
    <value name="military" value="10" />
    <value name="roadOperator" value="11" />
    <value name="taxi" value="12" />
    <value name="reserved1" value="13" />
    <value name="reserved2" value="14" />
    <value name="reserved3" value="15" />
  </enumerated>
  <sequence name="YawRate">
    <field name="yawRateValue" type="YawRateValue" />
    <field name="yawRateConfidence" type="YawRateConfidence" />
  </sequence>
  <integer max="32767" min="-32766" name="YawRateValue">
    <!-- <value name="straight" value="0"/> -->
    <!-- <value name="degSec_000_01ToRight" value="-1"/> -->
    <!-- <value name="degSec_000_01ToLeft" value="1"/> -->
    <value name="unavailable" value="32767" />
    <format factor="0.01" unit="° per second" />
  </integer>
  <enumerated name="YawRateConfidence">
    <value name="degSec_000_01" value="0" />
    <value name="degSec_000_05" value="1" />
    <value name="degSec_000_10" value="2" />
    <value name="degSec_001_00" value="3" />
    <value name="degSec_005_00" value="4" />
    <value name="degSec_010_00" value="5" />
    <value name="degSec_100_00" value="6" />
    <value name="outOfRange" value="7" />
    <value name="unavailable" value="8" />
  </enumerated>
  <enumerated name="ProtectedZoneType">
    <value name="permanentCenDsrcTolling" value="0" />
    <extension />
    <value name="temporaryCenDsrcTolling" value="1" />
  </enumerated>
  <enumerated name="RelevanceDistance">
    <value name="lessThan50m" value="0" />
    <value name="lessThan100m" value="1" />
    <value name="lessThan200m" value="2" />
    <value name="lessThan500m" value="3" />
    <value name="lessThan1000m" value="4" />
    <value name="lessThan5km" value="5" />
    <value name="lessThan10km" value="6" />
    <value name="over10km" value="7" />
  </enumerated>
  <enumerated name="RelevanceTrafficDirection">
    <value name="allTrafficDirections" value="0" />
    <value name="upstreamTraffic" value="1" />
    <value name="downstreamTraffic" value="2" />
    <value name="oppositeTraffic" value="3" />
  </enumerated>
  <integer max="10000" min="1" name="TransmissionInterval">
    <value name="oneMilliSecond" value="1" />
    <value name="tenSeconds" value="10000" />
  </integer>
  <integer max="86400" min="0" name="ValidityDuration">
    <value name="timeOfDetection" value="0" />
    <value name="oneSecondAfterDetection" value="1" />
    <format factor="1" unit="s" />
  </integer>
  <sequence name="ActionID">
    <field name="originatingStationID" type="StationID" />
    <field name="sequenceNumber" type="SequenceNumber" />
  </sequence>
  <integer max="65535" min="0" name="SequenceNumber" />
  <sequence-of max="40" min="1" name="ItineraryPath">
    <field type="ReferencePosition" />
  </sequence-of>
  <sequence name="ProtectedCommunicationZone">
    <field name="protectedZoneType" type="ProtectedZoneType" />
    <field name="expiryTime" optional="true" type="TimestampIts" />
    <field name="protectedZoneLatitude" type="Latitude" />
    <field name="protectedZoneLongitude" type="Longitude" />
    <field name="protectedZoneRadius" optional="true" type="ProtectedZoneRadius" />
    <field name="protectedZoneID" optional="true" type="ProtectedZoneID" />
    <extension />
  </sequence>
  <integer extension="true" max="255" min="1" name="ProtectedZoneRadius">
    <value name="oneMeter" value="1" />
  </integer>
  <integer max="134217727" min="0" name="ProtectedZoneID" />
  <sequence-of max="7" min="1" name="Traces">
    <field type="PathHistory" />
  </sequence-of>
  <integer max="127" min="0" name="NumberOfOccupants">
    <value name="oneOccupant" value="1" />
    <value name="unavailable" value="127" />
  </integer>
  <sequence-of extension="true" max="3" min="1" name="PositionOfPillars">
    <field type="PosPillar" />
  </sequence-of>
  <sequence-of extension="true" max="3" min="1" name="RestrictedTypes">
    <field type="StationType" />
  </sequence-of>
  <sequence-of max="23" min="1" name="EventHistory">
    <field type="EventPoint" />
  </sequence-of>
  <sequence name="EventPoint">
    <field name="eventPosition" type="DeltaReferencePosition" />
    <field name="eventDeltaTime" optional="true" type="PathDeltaTime" />
    <field name="informationQuality" type="InformationQuality" />
  </sequence>
  <sequence-of max="16" min="1" name="ProtectedCommunicationZonesRSU">
    <field type="ProtectedCommunicationZone" />
  </sequence-of>
  <sequence name="CenDsrcTollingZone">
    <field name="protectedZoneLatitude" type="Latitude" />
    <field name="protectedZoneLongitude" type="Longitude" />
    <field name="cenDsrcTollingZoneID" optional="true" type="ProtectedZoneID" />
  </sequence>
  <alias name="CenDsrcTollingZoneID" type="ProtectedZoneID" />
  <sequence name="DENM">
    <field name="header" type="ItsPduHeader" />
    <field name="denm" type="DecentralizedEnvironmentalNotificationMessage" />
  </sequence>
  <sequence name="DecentralizedEnvironmentalNotificationMessage">
    <field name="management" type="ManagementContainer" />
    <field name="situation" optional="true" type="SituationContainer" />
    <field name="location" optional="true" type="LocationContainer" />
    <field name="alacarte" optional="true" type="AlacarteContainer" />
  </sequence>
  <sequence name="ManagementContainer">
    <field name="actionID" type="ActionID" />
    <field name="detectionTime" type="TimestampIts" />
    <field name="referenceTime" type="TimestampIts" />
    <field name="termination" optional="true" type="Termination" />
    <field name="eventPosition" type="ReferencePosition" />
    <field name="relevanceDistance" optional="true" type="RelevanceDistance" />
    <field name="relevanceTrafficDirection" optional="true" type="RelevanceTrafficDirection" />
    <field default="600" name="validityDuration" optional="true" type="ValidityDuration" />
    <field name="transmissionInterval" optional="true" type="TransmissionInterval" />
    <field name="stationType" type="StationType" />
    <extension />
  </sequence>
  <enumerated name="Termination">
    <value name="isCancellation" value="0" />
    <value name="isNegation" value="1" />
  </enumerated>
  <sequence name="SituationContainer">
    <field name="informationQuality" type="InformationQuality" />
    <field name="eventType" type="CauseCode" />
    <field name="linkedCause" optional="true" type="CauseCode" />
    <field name="eventHistory" optional="true" type="EventHistory" />
    <extension />
  </sequence>
  <sequence name="LocationContainer">
    <field name="eventSpeed" optional="true" type="Speed" />
    <field name="eventPositionHeading" optional="true" type="Heading" />
    <field name="traces" type="Traces" />
    <field name="roadType" optional="true" type="RoadType" />
    <extension />
  </sequence>
  <sequence name="AlacarteContainer">
    <field name="lanePosition" optional="true" type="LanePosition" />
    <field name="impactReduction" optional="true" type="ImpactReductionContainer" />
    <field name="externalTemperature" optional="true" type="Temperature" />
    <field name="roadWorks" optional="true" type="RoadWorksContainerExtended" />
    <field name="positioningSolution" optional="true" type="PositioningSolutionType" />
    <field name="stationaryVehicle" optional="true" type="StationaryVehicleContainer" />
    <extension />
  </sequence>
  <sequence name="ImpactReductionContainer">
    <field name="heightLonCarrLeft" type="HeightLonCarr" />
    <field name="heightLonCarrRight" type="HeightLonCarr" />
    <field name="posLonCarrLeft" type="PosLonCarr" />
    <field name="posLonCarrRight" type="PosLonCarr" />
    <field name="positionOfPillars" type="PositionOfPillars" />
    <field name="posCentMass" type="PosCentMass" />
    <field name="wheelBaseVehicle" type="WheelBaseVehicle" />
    <field name="turningRadius" type="TurningRadius" />
    <field name="posFrontAx" type="PosFrontAx" />
    <field name="positionOfOccupants" type="PositionOfOccupants" />
    <field name="vehicleMass" type="VehicleMass" />
    <field name="requestResponseIndication" type="RequestResponseIndication" />
  </sequence>
  <sequence name="RoadWorksContainerExtended">
    <field name="lightBarSirenInUse" optional="true" type="LightBarSirenInUse" />
    <field name="closedLanes" optional="true" type="ClosedLanes" />
    <field name="restriction" optional="true" type="RestrictedTypes" />
    <field name="speedLimit" optional="true" type="SpeedLimit" />
    <field name="incidentIndication" optional="true" type="CauseCode" />
    <field name="recommendedPath" optional="true" type="ItineraryPath" />
    <field name="startingPointSpeedLimit" optional="true" type="DeltaReferencePosition" />
    <field name="trafficFlowRule" optional="true" type="TrafficRule" />
    <field name="referenceDenms" optional="true" type="ReferenceDenms" />
  </sequence>
  <sequence-of extension="true" max="8" min="1" name="ReferenceDenms">
    <field type="ActionID" />
  </sequence-of>
  <sequence name="StationaryVehicleContainer">
    <field name="stationarySince" optional="true" type="StationarySince" />
    <field name="stationaryCause" optional="true" type="CauseCode" />
    <field name="carryingDangerousGoods" optional="true" type="DangerousGoodsExtended" />
    <field name="numberOfOccupants" optional="true" type="NumberOfOccupants" />
    <field name="vehicleIdentification" optional="true" type="VehicleIdentification" />
    <field name="energyStorageType" optional="true" type="EnergyStorageType" />
  </sequence>
  <integer name="defaultValidity" />
  <sequence-of max="256" min="1" name="DigitalMap">
    <field type="ReferencePosition" />
  </sequence-of>
  <utf8-string name="OpeningDaysHours" />
</module>